Time,Date,Dayoftheweek,CarCount,BikeCount,BusCount,TruckCount,Total,Traffic Situation
00:00,10,Tuesday,31,0,4,4,39,Low
00:15,10,Tuesday,49,0,3,3,55,Low
00:30,10,Tuesday,46,0,3,6,55,Low
00:45,10,Tuesday,51,0,2,5,58,Low
01:00,10,Tuesday,57,6,15,16,94,Normal
01:15,10,Tuesday,44,0,5,4,53,Low
01:30,10,Tuesday,37,0,1,4,42,Low
01:45,10,Tuesday,42,4,4,5,55,Low
02:00,10,Tuesday,51,0,9,7,67,Low
02:15,10,Tuesday,34,0,4,7,45,Low
02:30,10,Tuesday,45,0,1,1,47,Low
02:45,10,Tuesday,45,0,1,3,49,Low
03:00,10,Tuesday,50,0,3,0,53,Low
03:15,10,Tuesday,34,0,4,4,42,Low
03:30,10,Tuesday,129,22,42,1,194,High
03:45,10,Tuesday,144,16,49,0,209,High
04:00,10,Tuesday,111,28,20,3,162,Normal
04:15,10,Tuesday,67,11,10,16,104,Normal
04:30,10,Tuesday,65,24,7,16,112,Normal
04:45,10,Tuesday,94,27,7,16,144,Normal
05:00,10,Tuesday,94,20,8,7,129,Normal
05:15,10,Tuesday,67,29,5,10,111,Low
05:30,10,Tuesday,56,12,2,14,84,Normal
05:45,10,Tuesday,57,13,3,11,84,Low
06:00,10,Tuesday,129,22,42,1,194,High
06:15,10,Tuesday,144,16,49,0,209,High
06:30,10,Tuesday,111,28,20,3,162,Normal
06:45,10,Tuesday,120,27,46,3,196,High
07:00,10,Tuesday,102,39,47,1,189,High
07:15,10,Tuesday,145,23,27,0,195,High
07:30,10,Tuesday,114,37,21,5,177,High
07:45,10,Tuesday,108,18,22,1,149,Normal
08:00,10,Tuesday,122,28,33,1,184,High
08:15,10,Tuesday,114,39,30,3,186,High
08:30,10,Tuesday,150,36,25,1,212,High
08:45,10,Tuesday,107,10,49,2,168,High
09:00,10,Tuesday,124,24,22,0,170,High
09:15,10,Tuesday,77,16,39,29,161,High
09:30,10,Tuesday,15,23,30,21,89,Normal
09:45,10,Tuesday,32,22,38,21,113,High
10:00,10,Tuesday,68,13,29,24,134,High
10:15,10,Tuesday,27,16,36,30,109,Normal
10:30,10,Tuesday,76,7,11,15,109,Normal
10:45,10,Tuesday,41,23,20,17,101,Normal
11:00,10,Tuesday,33,10,3,29,75,Normal
11:15,10,Tuesday,58,8,14,29,109,Normal
11:30,10,Tuesday,65,7,11,26,109,Normal
11:45,10,Tuesday,47,9,6,29,91,Normal
12:00,10,Tuesday,38,10,5,25,78,Normal
12:15,10,Tuesday,57,8,12,29,106,Normal
12:30,10,Tuesday,20,6,4,20,50,Normal
12:45,10,Tuesday,24,9,14,23,70,Normal
13:00,10,Tuesday,52,10,13,21,96,Normal
13:15,10,Tuesday,79,15,36,18,148,High
13:30,10,Tuesday,84,24,22,18,148,Normal
13:45,10,Tuesday,59,19,35,16,129,High
14:00,10,Tuesday,88,26,31,19,164,High
14:15,10,Tuesday,24,11,32,13,80,Normal
14:30,10,Tuesday,110,17,23,20,170,High
14:45,10,Tuesday,29,26,5,6,66,Low
15:00,10,Tuesday,43,26,11,20,100,Normal
15:15,10,Tuesday,68,28,9,15,120,Normal
15:30,10,Tuesday,108,16,8,18,150,Normal
15:45,10,Tuesday,101,26,8,14,149,Normal
16:00,10,Tuesday,141,31,36,6,214,High
16:15,10,Tuesday,120,25,28,5,178,High
16:30,10,Tuesday,137,23,44,5,209,High
16:45,10,Tuesday,124,11,30,7,172,High
17:00,10,Tuesday,145,25,49,7,226,High
17:15,10,Tuesday,122,37,23,8,190,High
17:30,10,Tuesday,136,30,20,9,195,High
17:45,10,Tuesday,145,18,40,9,212,High
18:00,10,Tuesday,138,34,28,5,205,High
18:15,10,Tuesday,123,10,29,8,170,High
18:30,10,Tuesday,105,15,21,9,150,Normal
18:45,10,Tuesday,75,22,20,11,128,Normal
19:00,10,Tuesday,90,12,10,13,125,Normal
19:15,10,Tuesday,102,22,20,16,160,Normal
19:30,10,Tuesday,61,18,15,27,121,High
19:45,10,Tuesday,70,8,14,6,98,Low
20:00,10,Tuesday,80,17,12,34,143,High
20:15,10,Tuesday,62,12,14,19,107,Normal
20:30,10,Tuesday,96,5,11,13,125,Normal
20:45,10,Tuesday,102,6,12,13,133,Normal
21:00,10,Tuesday,91,14,15,6,126,Normal
21:15,10,Tuesday,95,8,17,13,133,Normal
21:30,10,Tuesday,75,15,12,21,123,High
21:45,10,Tuesday,53,21,20,10,104,Normal
22:00,10,Tuesday,13,1,0,19,33,Normal
22:15,10,Tuesday,10,0,1,24,35,Normal
22:30,10,Tuesday,16,2,0,33,51,Normal
22:45,10,Tuesday,11,1,0,29,41,Normal
23:00,10,Tuesday,18,2,1,13,34,Normal
23:15,10,Tuesday,15,0,1,11,27,Low
23:30,10,Tuesday,14,1,0,33,48,Normal
23:45,10,Tuesday,17,2,0,22,41,Normal
00:00,11,Wednesday,12,2,1,17,32,Normal
00:15,11,Wednesday,18,0,0,29,47,Normal
00:30,11,Wednesday,16,1,0,14,31,Normal
00:45,11,Wednesday,20,0,0,14,34,Normal
01:00,11,Wednesday,20,1,1,30,52,Normal
01:15,11,Wednesday,15,0,1,23,39,Normal
01:30,11,Wednesday,16,0,1,26,43,Normal
01:45,11,Wednesday,18,4,0,11,33,Low
02:00,11,Wednesday,17,3,1,36,57,Normal
02:15,11,Wednesday,14,4,1,10,29,Low
02:30,11,Wednesday,18,2,1,25,46,Normal
02:45,11,Wednesday,12,2,0,19,33,Normal
03:00,11,Wednesday,11,4,0,30,45,Normal
03:15,11,Wednesday,19,1,1,36,57,Normal
03:30,11,Wednesday,10,4,0,36,50,Normal
03:45,11,Wednesday,20,1,1,32,54,Normal
04:00,11,Wednesday,15,5,1,40,61,Normal
04:15,11,Wednesday,104,6,5,1,116,Normal
04:30,11,Wednesday,109,25,3,8,145,Normal
04:45,11,Wednesday,82,23,8,20,133,Normal
05:00,11,Wednesday,81,25,1,18,125,Normal
05:15,11,Wednesday,95,16,10,1,122,Normal
05:30,11,Wednesday,91,24,7,6,128,Normal
05:45,11,Wednesday,81,30,10,0,121,Normal
06:00,11,Wednesday,125,13,26,2,166,High
06:15,11,Wednesday,125,39,49,3,216,High
06:30,11,Wednesday,125,34,37,1,197,High
06:45,11,Wednesday,125,19,25,4,173,High
07:00,11,Wednesday,125,15,49,0,189,High
07:15,11,Wednesday,125,32,50,5,212,High
07:30,11,Wednesday,125,38,50,1,214,High
07:45,11,Wednesday,125,29,29,3,186,High
08:00,11,Wednesday,125,31,48,4,208,High
08:15,11,Wednesday,125,32,50,0,207,High
08:30,11,Wednesday,125,31,45,0,201,High
08:45,11,Wednesday,125,21,20,1,167,Normal
09:00,11,Wednesday,125,28,36,0,189,High
09:15,11,Wednesday,39,10,37,16,102,Normal
09:30,11,Wednesday,89,8,12,13,122,Normal
09:45,11,Wednesday,51,16,16,13,96,Normal
10:00,11,Wednesday,17,9,18,28,72,Normal
10:15,11,Wednesday,48,25,36,21,130,High
10:30,11,Wednesday,93,7,30,16,146,High
10:45,11,Wednesday,55,15,36,15,121,High
11:00,11,Wednesday,51,10,8,22,91,Normal
11:15,11,Wednesday,51,7,3,24,85,Normal
11:30,11,Wednesday,51,9,7,30,97,Normal
11:45,11,Wednesday,51,7,14,20,92,Normal
12:00,11,Wednesday,51,10,14,20,95,Normal
12:15,11,Wednesday,51,10,6,22,89,Normal
12:30,11,Wednesday,51,8,11,22,92,Normal
12:45,11,Wednesday,51,6,10,26,93,Normal
13:00,11,Wednesday,51,7,7,27,92,Normal
13:15,11,Wednesday,104,17,25,20,166,Normal
13:30,11,Wednesday,6,28,27,14,75,Normal
13:45,11,Wednesday,54,29,37,9,129,High
14:00,11,Wednesday,43,13,30,20,106,Normal
14:15,11,Wednesday,60,21,26,11,118,High
14:30,11,Wednesday,101,23,8,20,152,Normal
14:45,11,Wednesday,62,26,19,11,118,Normal
15:00,11,Wednesday,39,24,13,11,87,Low
15:15,11,Wednesday,90,20,35,7,152,High
15:30,11,Wednesday,109,30,22,20,181,High
15:45,11,Wednesday,68,26,25,20,139,Normal
16:00,11,Wednesday,142,22,37,6,207,High
16:15,11,Wednesday,113,14,20,5,152,Normal
16:30,11,Wednesday,142,13,37,8,200,High
16:45,11,Wednesday,108,23,26,9,166,High
17:00,11,Wednesday,122,29,30,7,188,High
17:15,11,Wednesday,133,12,30,7,182,High
17:30,11,Wednesday,118,23,38,10,189,High
17:45,11,Wednesday,121,35,26,8,190,High
18:00,11,Wednesday,116,23,20,8,167,Normal
18:15,11,Wednesday,132,12,27,8,179,High
18:30,11,Wednesday,144,17,33,7,201,High
18:45,11,Wednesday,103,21,11,11,146,Normal
19:00,11,Wednesday,107,15,10,15,147,Normal
19:15,11,Wednesday,50,10,10,17,87,Normal
19:30,11,Wednesday,108,15,10,6,139,Normal
19:45,11,Wednesday,108,24,15,29,176,High
20:00,11,Wednesday,101,6,15,13,135,Normal
20:15,11,Wednesday,55,17,12,19,103,Normal
20:30,11,Wednesday,77,7,20,16,120,Normal
20:45,11,Wednesday,91,12,19,8,130,Normal
21:00,11,Wednesday,95,25,17,29,166,High
21:15,11,Wednesday,78,17,17,27,139,High
21:30,11,Wednesday,98,16,16,21,151,High
21:45,11,Wednesday,86,13,11,35,145,High
22:00,11,Wednesday,18,4,0,16,38,Normal
22:15,11,Wednesday,18,5,0,12,35,Low
22:30,11,Wednesday,18,2,1,25,46,Normal
22:45,11,Wednesday,18,1,0,17,36,Normal
23:00,11,Wednesday,18,5,0,21,44,Normal
23:15,11,Wednesday,18,0,1,12,31,Low
23:30,11,Wednesday,18,3,1,28,50,Normal
23:45,11,Wednesday,18,4,1,40,63,Normal
00:00,12,Thursday,18,1,1,39,59,Normal
00:15,12,Thursday,18,4,0,30,52,Normal
00:30,12,Thursday,18,5,1,13,37,Normal
00:45,12,Thursday,18,2,0,37,57,Normal
01:00,12,Thursday,18,0,0,13,31,Normal
01:15,12,Thursday,18,5,0,11,34,Low
01:30,12,Thursday,18,5,1,12,36,Low
01:45,12,Thursday,18,1,1,16,36,Normal
02:00,12,Thursday,18,1,1,34,54,Normal
02:15,12,Thursday,18,1,0,24,43,Normal
02:30,12,Thursday,18,0,0,23,41,Normal
02:45,12,Thursday,18,0,0,27,45,Normal
03:00,12,Thursday,18,5,0,28,51,Normal
03:15,12,Thursday,18,1,0,14,33,Normal
03:30,12,Thursday,18,5,0,25,48,Normal
03:45,12,Thursday,18,4,1,30,53,Normal
04:00,12,Thursday,18,5,1,30,54,Normal
04:15,12,Thursday,62,24,7,2,95,Low
04:30,12,Thursday,51,23,6,1,81,Low
04:45,12,Thursday,114,23,10,19,166,Normal
05:00,12,Thursday,85,22,9,9,125,Normal
05:15,12,Thursday,102,24,4,20,150,Normal
05:30,12,Thursday,101,18,3,17,139,Normal
05:45,12,Thursday,116,19,0,17,152,Normal
06:00,12,Thursday,117,38,50,5,210,High
06:15,12,Thursday,114,32,34,2,182,High
06:30,12,Thursday,120,17,23,1,161,Normal
06:45,12,Thursday,145,20,25,2,192,High
07:00,12,Thursday,125,30,48,1,204,High
07:15,12,Thursday,103,27,45,1,176,High
07:30,12,Thursday,114,20,43,1,178,High
07:45,12,Thursday,145,10,44,1,200,High
08:00,12,Thursday,147,31,20,4,202,High
08:15,12,Thursday,104,24,40,0,168,High
08:30,12,Thursday,124,11,22,0,157,Normal
08:45,12,Thursday,101,37,31,4,173,High
09:00,12,Thursday,144,30,37,1,212,High
09:15,12,Thursday,24,18,37,18,97,Normal
09:30,12,Thursday,24,8,17,25,74,Normal
09:45,12,Thursday,16,22,12,20,70,Normal
10:00,12,Thursday,26,2,39,26,93,Normal
10:15,12,Thursday,90,7,18,15,130,Normal
10:30,12,Thursday,59,6,11,11,87,Low
10:45,12,Thursday,28,7,22,18,75,Normal
11:00,12,Thursday,60,5,14,21,100,Normal
11:15,12,Thursday,69,9,8,23,109,Normal
11:30,12,Thursday,59,9,12,26,106,Normal
11:45,12,Thursday,24,10,5,21,60,Normal
12:00,12,Thursday,41,7,7,21,76,Normal
12:15,12,Thursday,48,10,9,29,96,Normal
12:30,12,Thursday,59,10,14,23,106,Normal
12:45,12,Thursday,67,7,12,28,114,High
13:00,12,Thursday,52,9,8,20,89,Normal
13:15,12,Thursday,45,26,29,10,110,Normal
13:30,12,Thursday,14,21,7,18,60,Normal
13:45,12,Thursday,55,22,24,10,111,Normal
14:00,12,Thursday,45,14,39,5,103,Normal
14:15,12,Thursday,90,17,16,11,134,Normal
14:30,12,Thursday,33,21,25,5,84,Normal
14:45,12,Thursday,118,25,31,13,187,High
15:00,12,Thursday,86,28,13,5,132,Normal
15:15,12,Thursday,105,29,22,12,168,High
15:30,12,Thursday,10,19,26,8,63,Normal
15:45,12,Thursday,46,22,18,9,95,Normal
16:00,12,Thursday,105,35,48,6,194,High
16:15,12,Thursday,135,37,34,5,211,High
16:30,12,Thursday,103,29,44,6,182,High
16:45,12,Thursday,113,13,42,10,178,High
17:00,12,Thursday,103,20,27,9,159,High
17:15,12,Thursday,150,13,20,9,192,High
17:30,12,Thursday,116,25,33,8,182,High
17:45,12,Thursday,109,16,41,9,175,High
18:00,12,Thursday,112,11,50,5,178,High
18:15,12,Thursday,104,31,30,5,170,High
18:30,12,Thursday,146,18,40,6,210,High
18:45,12,Thursday,110,24,10,29,173,High
19:00,12,Thursday,60,15,12,25,112,High
19:15,12,Thursday,103,9,14,29,155,High
19:30,12,Thursday,102,6,15,6,129,Normal
19:45,12,Thursday,51,17,16,8,92,Normal
20:00,12,Thursday,62,12,11,18,103,Normal
20:15,12,Thursday,103,14,12,5,134,Normal
20:30,12,Thursday,50,7,11,23,91,Normal
20:45,12,Thursday,80,14,20,6,120,Normal
21:00,12,Thursday,98,13,18,21,150,High
21:15,12,Thursday,53,25,20,13,111,Normal
21:30,12,Thursday,52,8,10,27,97,Normal
21:45,12,Thursday,71,23,13,21,128,High
22:00,12,Thursday,17,3,0,29,49,Normal
22:15,12,Thursday,20,5,1,36,62,Normal
22:30,12,Thursday,15,0,0,32,47,Normal
22:45,12,Thursday,15,0,1,20,36,Normal
23:00,12,Thursday,14,2,0,23,39,Normal
23:15,12,Thursday,13,1,0,29,43,Normal
23:30,12,Thursday,14,5,0,31,50,Normal
23:45,12,Thursday,16,3,0,33,52,Normal
00:00,13,Friday,18,4,1,15,38,Normal
00:15,13,Friday,20,0,1,23,44,Normal
00:30,13,Friday,19,3,0,16,38,Normal
00:45,13,Friday,10,3,0,12,25,Low
01:00,13,Friday,10,4,0,23,37,Normal
01:15,13,Friday,12,5,0,29,46,Normal
01:30,13,Friday,10,0,0,39,49,Normal
01:45,13,Friday,16,2,1,21,40,Normal
02:00,13,Friday,18,4,1,36,59,Normal
02:15,13,Friday,15,1,0,14,30,Normal
02:30,13,Friday,17,4,0,13,34,Normal
02:45,13,Friday,18,3,1,24,46,Normal
03:00,13,Friday,19,2,0,11,32,Low
03:15,13,Friday,19,3,0,21,43,Normal
03:30,13,Friday,19,3,1,31,54,Normal
03:45,13,Friday,14,2,1,19,36,Normal
04:00,13,Friday,11,0,0,27,38,Normal
04:15,13,Friday,27,6,1,11,45,Low
04:30,13,Friday,33,11,6,13,63,Normal
04:45,13,Friday,63,6,7,10,86,Low
05:00,13,Friday,58,13,4,15,90,Normal
05:15,13,Friday,57,11,7,10,85,Low
05:30,13,Friday,63,10,6,12,91,Low
05:45,13,Friday,74,9,0,15,98,Normal
06:00,13,Friday,71,9,7,10,97,Low
06:15,13,Friday,33,9,6,13,61,Normal
06:30,13,Friday,29,6,1,12,48,Low
06:45,13,Friday,32,9,3,11,55,Low
07:00,13,Friday,57,14,3,11,85,Low
07:15,13,Friday,31,11,0,14,56,Normal
07:30,13,Friday,30,9,3,10,52,Low
07:45,13,Friday,61,8,7,12,88,Low
08:00,13,Friday,47,10,4,10,71,Low
08:15,13,Friday,80,16,4,15,115,Normal
08:30,13,Friday,49,10,2,10,71,Low
08:45,13,Friday,58,7,5,13,83,Normal
09:00,13,Friday,53,19,1,10,83,Low
09:15,13,Friday,132,47,25,0,204,High
09:30,13,Friday,131,52,15,0,198,High
09:45,13,Friday,171,59,27,3,260,High
10:00,13,Friday,131,43,20,3,197,High
10:15,13,Friday,177,56,12,4,249,High
10:30,13,Friday,160,47,30,3,240,High
10:45,13,Friday,178,68,28,4,278,High
11:00,13,Friday,169,70,20,3,262,High
11:15,13,Friday,133,56,25,2,216,High
11:30,13,Friday,151,52,13,0,216,High
11:45,13,Friday,179,46,27,3,255,High
12:00,13,Friday,144,68,20,0,232,High
12:15,13,Friday,162,46,19,2,229,High
12:30,13,Friday,159,44,23,2,228,High
12:45,13,Friday,174,67,30,1,272,High
13:00,13,Friday,136,57,29,4,226,High
13:15,13,Friday,156,42,12,3,213,High
13:30,13,Friday,175,63,19,3,260,High
13:45,13,Friday,172,62,20,2,256,High
14:00,13,Friday,171,49,15,0,235,High
14:15,13,Friday,172,65,18,2,257,High
14:30,13,Friday,176,50,13,1,240,High
14:45,13,Friday,153,50,23,3,229,High
15:00,13,Friday,148,64,27,0,239,High
15:15,13,Friday,56,28,6,2,92,Low
15:30,13,Friday,88,26,25,0,139,Normal
15:45,13,Friday,82,23,14,0,119,Normal
16:00,13,Friday,77,20,7,0,104,Low
16:15,13,Friday,66,24,1,0,91,Low
16:30,13,Friday,72,22,8,2,104,Low
16:45,13,Friday,62,28,21,2,113,Normal
17:00,13,Friday,66,26,4,1,97,Low
17:15,13,Friday,85,20,4,0,109,Low
17:30,13,Friday,87,24,11,2,124,Normal
17:45,13,Friday,67,28,25,0,120,Normal
18:00,13,Friday,70,26,16,2,114,Normal
18:15,13,Friday,62,20,20,1,103,Normal
18:30,13,Friday,67,29,1,0,97,Low
18:45,13,Friday,65,25,1,1,92,Low
19:00,13,Friday,76,24,23,0,123,Normal
19:15,13,Friday,42,1,5,11,59,Low
19:30,13,Friday,42,10,3,1,56,Low
19:45,13,Friday,31,11,1,12,55,Low
20:00,13,Friday,47,7,3,6,63,Low
20:15,13,Friday,28,7,2,4,41,Low
20:30,13,Friday,22,3,6,1,32,Low
20:45,13,Friday,29,1,7,5,42,Low
21:00,13,Friday,43,9,1,11,64,Low
21:15,13,Friday,23,3,3,8,37,Low
21:30,13,Friday,21,2,5,15,43,Normal
21:45,13,Friday,31,2,1,9,43,Low
22:00,13,Friday,15,5,0,18,38,Normal
22:15,13,Friday,11,2,0,15,28,Normal
22:30,13,Friday,12,0,1,17,30,Normal
22:45,13,Friday,18,3,0,18,39,Normal
23:00,13,Friday,19,1,0,31,51,Normal
23:15,13,Friday,17,0,0,22,39,Normal
23:30,13,Friday,15,5,0,14,34,Normal
23:45,13,Friday,15,1,1,24,41,Normal
00:00,14,Saturday,18,4,0,33,55,Normal
00:15,14,Saturday,14,4,0,34,52,Normal
00:30,14,Saturday,14,0,1,19,34,Normal
00:45,14,Saturday,19,3,0,36,58,Normal
01:00,14,Saturday,10,4,1,21,36,Normal
01:15,14,Saturday,19,1,0,19,39,Normal
01:30,14,Saturday,18,5,0,26,49,Normal
01:45,14,Saturday,17,1,1,25,44,Normal
02:00,14,Saturday,20,2,0,12,34,Low
02:15,14,Saturday,15,5,0,15,35,Normal
02:30,14,Saturday,11,4,0,14,29,Normal
02:45,14,Saturday,14,3,1,18,36,Normal
03:00,14,Saturday,13,2,0,39,54,Normal
03:15,14,Saturday,17,5,0,29,51,Normal
03:30,14,Saturday,13,5,0,31,49,Normal
03:45,14,Saturday,18,5,0,35,58,Normal
04:00,14,Saturday,15,4,0,16,35,Normal
04:15,14,Saturday,55,15,5,3,78,Low
04:30,14,Saturday,76,10,7,9,102,Low
04:45,14,Saturday,98,0,9,19,126,Normal
05:00,14,Saturday,98,12,6,6,122,Normal
05:15,14,Saturday,103,2,10,20,135,Normal
05:30,14,Saturday,93,17,8,12,130,Normal
05:45,14,Saturday,115,27,9,16,167,Normal
06:00,14,Saturday,120,12,22,3,157,Normal
06:15,14,Saturday,142,18,27,0,187,High
06:30,14,Saturday,117,29,49,2,197,High
06:45,14,Saturday,126,36,24,0,186,High
07:00,14,Saturday,110,39,38,5,192,High
07:15,14,Saturday,149,20,39,5,213,High
07:30,14,Saturday,109,29,23,5,166,Normal
07:45,14,Saturday,124,34,24,4,186,High
08:00,14,Saturday,149,35,32,1,217,High
08:15,14,Saturday,125,32,38,4,199,High
08:30,14,Saturday,101,23,38,1,163,High
08:45,14,Saturday,137,36,30,0,203,High
09:00,14,Saturday,139,15,21,3,178,High
09:15,14,Saturday,19,3,29,9,60,Normal
09:30,14,Saturday,13,11,39,7,70,Normal
09:45,14,Saturday,31,2,29,27,89,Normal
10:00,14,Saturday,18,24,21,22,85,Normal
10:15,14,Saturday,26,12,14,13,65,Normal
10:30,14,Saturday,31,15,13,28,87,Normal
10:45,14,Saturday,12,22,8,11,53,Low
11:00,14,Saturday,54,5,13,23,95,Normal
11:15,14,Saturday,59,7,13,21,100,Normal
11:30,14,Saturday,58,8,6,23,95,Normal
11:45,14,Saturday,53,8,9,25,95,Normal
12:00,14,Saturday,54,7,7,20,88,Normal
12:15,14,Saturday,39,10,4,29,82,Normal
12:30,14,Saturday,38,9,8,22,77,Normal
12:45,14,Saturday,36,5,10,23,74,Normal
13:00,14,Saturday,68,6,12,24,110,Normal
13:15,14,Saturday,50,18,26,14,108,Normal
13:30,14,Saturday,120,28,22,20,190,High
13:45,14,Saturday,60,14,28,9,111,Normal
14:00,14,Saturday,105,14,8,19,146,Normal
14:15,14,Saturday,89,27,18,8,142,Normal
14:30,14,Saturday,28,17,31,10,86,Normal
14:45,14,Saturday,79,14,23,6,122,Normal
15:00,14,Saturday,15,11,30,14,70,Normal
15:15,14,Saturday,77,27,23,18,145,Normal
15:30,14,Saturday,19,14,24,6,63,Normal
15:45,14,Saturday,79,13,28,7,127,High
16:00,14,Saturday,114,10,22,9,155,Normal
16:15,14,Saturday,150,30,22,5,207,High
16:30,14,Saturday,142,23,25,7,197,High
16:45,14,Saturday,111,36,25,6,178,High
17:00,14,Saturday,143,37,38,8,226,High
17:15,14,Saturday,120,37,43,10,210,High
17:30,14,Saturday,147,20,49,7,223,Normal
17:45,14,Saturday,140,22,27,5,194,High
18:00,14,Saturday,128,37,20,9,194,High
18:15,14,Saturday,114,23,42,10,189,High
18:30,14,Saturday,117,20,22,9,168,High
18:45,14,Saturday,93,24,17,23,157,High
19:00,14,Saturday,65,15,15,8,103,Low
19:15,14,Saturday,100,22,14,8,144,Normal
19:30,14,Saturday,85,12,11,18,126,Normal
19:45,14,Saturday,56,7,12,12,87,Low
20:00,14,Saturday,50,12,15,18,95,Normal
20:15,14,Saturday,74,9,11,12,106,Low
20:30,14,Saturday,73,15,18,7,113,Normal
20:45,14,Saturday,99,13,20,30,162,High
21:00,14,Saturday,110,14,17,8,149,Normal
21:15,14,Saturday,82,5,12,34,133,High
21:30,14,Saturday,58,19,12,17,106,Normal
21:45,14,Saturday,70,10,14,32,126,High
22:00,14,Saturday,10,1,0,33,44,Normal
22:15,14,Saturday,14,1,1,40,56,Normal
22:30,14,Saturday,17,1,1,17,36,Normal
22:45,14,Saturday,12,4,1,22,39,Normal
23:00,14,Saturday,15,0,0,16,31,Normal
23:15,14,Saturday,13,4,0,25,42,Normal
23:30,14,Saturday,14,5,1,12,32,Low
23:45,14,Saturday,18,1,1,35,55,Normal
00:00,15,Sunday,18,5,1,19,43,Normal
00:15,15,Sunday,19,3,0,38,60,Normal
00:30,15,Sunday,13,0,1,12,26,Low
00:45,15,Sunday,20,0,1,38,59,Normal
01:00,15,Sunday,20,1,1,24,46,Normal
01:15,15,Sunday,17,3,1,17,38,Normal
01:30,15,Sunday,12,3,1,35,51,Normal
01:45,15,Sunday,19,0,1,30,50,Normal
02:00,15,Sunday,19,2,1,30,52,Normal
02:15,15,Sunday,18,1,0,16,35,Normal
02:30,15,Sunday,11,0,0,31,42,Normal
02:45,15,Sunday,10,1,1,12,24,Low
03:00,15,Sunday,16,1,0,24,41,Normal
03:15,15,Sunday,18,3,0,28,49,Normal
03:30,15,Sunday,20,1,1,39,61,Normal
03:45,15,Sunday,19,3,1,27,50,Normal
04:00,15,Sunday,14,1,1,34,50,Normal
04:15,15,Sunday,61,26,1,16,104,Normal
04:30,15,Sunday,72,26,6,4,108,Low
04:45,15,Sunday,86,24,3,18,131,Normal
05:00,15,Sunday,75,1,8,10,94,Low
05:15,15,Sunday,75,1,7,9,92,Low
05:30,15,Sunday,93,5,4,1,103,Low
05:45,15,Sunday,111,6,2,5,124,Normal
06:00,15,Sunday,111,18,41,2,172,High
06:15,15,Sunday,114,27,46,0,187,High
06:30,15,Sunday,139,19,50,2,210,High
06:45,15,Sunday,109,14,38,1,162,High
07:00,15,Sunday,105,16,22,3,146,Normal
07:15,15,Sunday,150,13,31,4,198,High
07:30,15,Sunday,122,13,47,3,185,High
07:45,15,Sunday,114,24,46,2,186,High
08:00,15,Sunday,119,36,41,0,196,High
08:15,15,Sunday,108,35,39,0,182,High
08:30,15,Sunday,113,18,28,1,160,High
08:45,15,Sunday,118,36,37,0,191,High
09:00,15,Sunday,113,35,48,3,199,High
09:15,15,Sunday,66,7,22,30,125,High
09:30,15,Sunday,64,12,27,8,111,Normal
09:45,15,Sunday,37,5,13,11,66,Low
10:00,15,Sunday,82,17,31,20,150,High
10:15,15,Sunday,63,5,23,12,103,Normal
10:30,15,Sunday,20,12,16,24,72,Normal
10:45,15,Sunday,46,5,34,9,94,Normal
11:00,15,Sunday,35,9,8,29,81,Normal
11:15,15,Sunday,33,9,11,21,74,Normal
11:30,15,Sunday,32,9,10,30,81,Normal
11:45,15,Sunday,62,10,6,22,100,Normal
12:00,15,Sunday,62,10,11,22,105,Normal
12:15,15,Sunday,54,10,12,25,101,Normal
12:30,15,Sunday,48,8,15,23,94,Normal
12:45,15,Sunday,20,10,12,24,66,Normal
13:00,15,Sunday,35,10,5,30,80,Normal
13:15,15,Sunday,112,15,40,10,177,High
13:30,15,Sunday,51,21,25,13,110,Normal
13:45,15,Sunday,53,12,23,8,96,Normal
14:00,15,Sunday,63,22,18,15,118,Normal
14:15,15,Sunday,50,23,16,8,97,Normal
14:30,15,Sunday,94,20,35,17,166,High
14:45,15,Sunday,7,27,39,17,90,Normal
15:00,15,Sunday,109,18,13,6,146,Normal
15:15,15,Sunday,18,27,19,6,70,Normal
15:30,15,Sunday,21,30,5,5,61,Low
15:45,15,Sunday,49,16,9,12,86,Low
16:00,15,Sunday,129,28,40,6,203,High
16:15,15,Sunday,141,18,28,8,195,High
16:30,15,Sunday,131,14,43,7,195,High
16:45,15,Sunday,105,38,23,5,171,High
17:00,15,Sunday,125,35,37,5,202,High
17:15,15,Sunday,127,36,42,9,214,High
17:30,15,Sunday,129,22,25,9,185,High
17:45,15,Sunday,121,39,47,8,215,High
18:00,15,Sunday,138,29,42,9,218,High
18:15,15,Sunday,119,26,21,5,171,High
18:30,15,Sunday,138,17,48,8,211,High
18:45,15,Sunday,72,12,14,32,130,High
19:00,15,Sunday,92,23,20,30,165,High
19:15,15,Sunday,94,17,11,24,146,High
19:30,15,Sunday,102,25,12,24,163,High
19:45,15,Sunday,71,23,17,14,125,Normal
20:00,15,Sunday,58,5,19,25,107,Normal
20:15,15,Sunday,93,22,18,10,143,Normal
20:30,15,Sunday,59,23,10,35,127,High
20:45,15,Sunday,57,20,10,20,107,Normal
21:00,15,Sunday,96,9,18,25,148,High
21:15,15,Sunday,104,12,16,20,152,Normal
21:30,15,Sunday,104,22,17,23,166,High
21:45,15,Sunday,88,8,11,29,136,High
22:00,15,Sunday,20,3,0,16,39,Normal
22:15,15,Sunday,17,2,1,30,50,Normal
22:30,15,Sunday,17,4,0,23,44,Normal
22:45,15,Sunday,15,5,0,21,41,Normal
23:00,15,Sunday,10,0,1,31,42,Normal
23:15,15,Sunday,11,1,1,19,32,Normal
23:30,15,Sunday,12,2,0,29,43,Normal
23:45,15,Sunday,11,0,1,11,23,Low
00:00,16,Monday,18,4,1,28,51,Normal
00:15,16,Monday,13,3,0,26,42,Normal
00:30,16,Monday,16,3,0,34,53,Normal
00:45,16,Monday,16,4,0,35,55,Normal
01:00,16,Monday,20,2,1,33,56,Normal
01:15,16,Monday,14,4,1,28,47,Normal
01:30,16,Monday,11,4,1,19,35,Normal
01:45,16,Monday,19,4,0,17,40,Normal
02:00,16,Monday,18,3,1,26,48,Normal
02:15,16,Monday,10,1,1,21,33,Normal
02:30,16,Monday,20,5,1,40,66,Normal
02:45,16,Monday,11,5,0,37,53,Normal
03:00,16,Monday,15,4,1,29,49,Normal
03:15,16,Monday,16,2,1,27,46,Normal
03:30,16,Monday,10,3,1,23,37,Normal
03:45,16,Monday,16,5,1,31,53,Normal
04:00,16,Monday,20,0,1,30,51,Normal
04:15,16,Monday,61,4,5,17,87,Normal
04:30,16,Monday,91,8,6,2,107,Low
04:45,16,Monday,94,4,5,2,105,Low
05:00,16,Monday,117,8,6,16,147,Normal
05:15,16,Monday,111,14,10,14,149,Normal
05:30,16,Monday,91,2,3,5,101,Low
05:45,16,Monday,96,9,1,16,122,Normal
06:00,16,Monday,134,15,42,5,196,High
06:15,16,Monday,121,35,39,4,199,High
06:30,16,Monday,118,40,40,3,201,High
06:45,16,Monday,115,17,40,1,173,High
07:00,16,Monday,106,22,37,0,165,High
07:15,16,Monday,147,26,40,0,213,High
07:30,16,Monday,102,13,31,2,148,High
07:45,16,Monday,102,12,24,3,141,Normal
08:00,16,Monday,130,40,31,2,203,High
08:15,16,Monday,102,17,33,0,152,High
08:30,16,Monday,105,13,48,5,171,High
08:45,16,Monday,129,24,25,0,178,High
09:00,16,Monday,117,11,45,0,173,High
09:15,16,Monday,74,14,23,21,132,High
09:30,16,Monday,80,14,35,18,147,High
09:45,16,Monday,31,7,34,24,96,Normal
10:00,16,Monday,18,15,9,15,57,Normal
10:15,16,Monday,15,10,23,20,68,Normal
10:30,16,Monday,37,18,8,16,79,Normal
10:45,16,Monday,10,7,5,14,36,Normal
11:00,16,Monday,54,6,15,23,98,Normal
11:15,16,Monday,34,7,5,24,70,Normal
11:30,16,Monday,50,7,8,21,86,Normal
11:45,16,Monday,44,9,10,24,87,Normal
12:00,16,Monday,63,8,15,24,110,Normal
12:15,16,Monday,56,6,6,29,97,Normal
12:30,16,Monday,69,5,13,27,114,High
12:45,16,Monday,39,5,3,30,77,Normal
13:00,16,Monday,61,10,14,24,109,Normal
13:15,16,Monday,61,30,5,20,116,Normal
13:30,16,Monday,20,17,9,5,51,Low
13:45,16,Monday,70,22,38,7,137,High
14:00,16,Monday,25,30,31,9,95,Normal
14:15,16,Monday,23,13,12,6,54,Low
14:30,16,Monday,105,30,24,8,167,Normal
14:45,16,Monday,107,10,6,6,129,Normal
15:00,16,Monday,40,20,36,7,103,Normal
15:15,16,Monday,74,18,37,11,140,High
15:30,16,Monday,62,15,8,11,96,Low
15:45,16,Monday,81,20,14,12,127,Normal
16:00,16,Monday,111,32,43,5,191,High
16:15,16,Monday,145,12,41,6,204,High
16:30,16,Monday,139,11,20,7,177,High
16:45,16,Monday,129,40,31,10,210,High
17:00,16,Monday,128,22,28,8,186,High
17:15,16,Monday,103,17,23,8,151,Normal
17:30,16,Monday,127,32,29,7,195,High
17:45,16,Monday,120,35,44,8,207,High
18:00,16,Monday,106,11,41,7,165,High
18:15,16,Monday,114,40,31,5,190,High
18:30,16,Monday,101,13,20,7,141,Normal
18:45,16,Monday,110,25,19,34,188,High
19:00,16,Monday,108,6,17,23,154,High
19:15,16,Monday,104,12,10,10,136,Normal
19:30,16,Monday,102,22,17,23,164,High
19:45,16,Monday,77,19,16,8,120,Normal
20:00,16,Monday,70,16,19,33,138,High
20:15,16,Monday,75,9,13,28,125,High
20:30,16,Monday,95,9,16,29,149,High
20:45,16,Monday,77,17,17,22,133,High
21:00,16,Monday,73,16,14,34,137,High
21:15,16,Monday,59,7,18,12,96,Normal
21:30,16,Monday,54,20,10,9,93,Low
21:45,16,Monday,90,6,18,32,146,High
22:00,16,Monday,15,5,1,32,53,Normal
22:15,16,Monday,12,1,0,11,24,Low
22:30,16,Monday,17,2,0,28,47,Normal
22:45,16,Monday,13,5,1,12,31,Low
23:00,16,Monday,15,5,0,21,41,Normal
23:15,16,Monday,18,4,0,11,33,Low
23:30,16,Monday,12,4,0,21,37,Normal
23:45,16,Monday,10,4,1,12,27,Low
00:00,17,Tuesday,15,2,0,25,42,Normal
00:15,17,Tuesday,11,0,0,24,35,Normal
00:30,17,Tuesday,15,2,1,15,33,Normal
00:45,17,Tuesday,20,3,1,29,53,Normal
01:00,17,Tuesday,17,2,0,24,43,Normal
01:15,17,Tuesday,19,5,1,26,51,Normal
01:30,17,Tuesday,20,3,1,32,56,Normal
01:45,17,Tuesday,15,3,0,19,37,Normal
02:00,17,Tuesday,13,5,0,17,35,Normal
02:15,17,Tuesday,12,5,1,19,37,Normal
02:30,17,Tuesday,10,2,0,27,39,Normal
02:45,17,Tuesday,20,4,1,23,48,Normal
03:00,17,Tuesday,14,0,0,16,30,Normal
03:15,17,Tuesday,12,4,1,28,45,Normal
03:30,17,Tuesday,19,2,0,20,41,Normal
03:45,17,Tuesday,20,2,1,19,42,Normal
04:00,17,Tuesday,16,0,0,36,52,Normal
04:15,17,Tuesday,62,20,4,18,104,Normal
04:30,17,Tuesday,50,13,2,14,79,Normal
04:45,17,Tuesday,101,3,6,6,116,Normal
05:00,17,Tuesday,94,15,2,9,120,Normal
05:15,17,Tuesday,68,10,8,1,87,Low
05:30,17,Tuesday,95,3,8,20,126,Normal
05:45,17,Tuesday,113,7,10,16,146,Normal
06:00,17,Tuesday,106,13,39,1,159,High
06:15,17,Tuesday,105,32,47,4,188,High
06:30,17,Tuesday,150,19,34,4,207,High
06:45,17,Tuesday,137,38,39,2,216,High
07:00,17,Tuesday,113,11,32,1,157,High
07:15,17,Tuesday,117,30,26,5,178,High
07:30,17,Tuesday,130,10,37,1,178,High
07:45,17,Tuesday,150,32,31,1,214,High
08:00,17,Tuesday,146,10,30,3,189,High
08:15,17,Tuesday,123,24,46,2,195,High
08:30,17,Tuesday,110,24,26,4,164,High
08:45,17,Tuesday,111,33,31,2,177,High
09:00,17,Tuesday,132,18,32,2,184,High
09:15,17,Tuesday,66,16,22,13,117,Normal
09:30,17,Tuesday,45,24,5,23,97,Normal
09:45,17,Tuesday,92,19,15,7,133,Normal
10:00,17,Tuesday,78,22,16,25,141,High
10:15,17,Tuesday,90,2,15,18,125,Normal
10:30,17,Tuesday,23,2,37,9,71,Normal
10:45,17,Tuesday,17,5,6,20,48,Normal
11:00,17,Tuesday,41,5,4,24,74,Normal
11:15,17,Tuesday,32,5,15,26,78,Normal
11:30,17,Tuesday,65,7,7,22,101,Normal
11:45,17,Tuesday,22,6,3,25,56,Normal
12:00,17,Tuesday,54,7,4,28,93,Normal
12:15,17,Tuesday,38,5,8,28,79,Normal
12:30,17,Tuesday,59,7,15,23,104,Normal
12:45,17,Tuesday,34,8,10,23,75,Normal
13:00,17,Tuesday,28,6,3,27,64,Normal
13:15,17,Tuesday,7,16,11,14,48,Normal
13:30,17,Tuesday,8,12,22,8,50,Normal
13:45,17,Tuesday,42,25,38,18,123,High
14:00,17,Tuesday,82,13,28,5,128,High
14:15,17,Tuesday,14,24,26,9,73,Normal
14:30,17,Tuesday,39,25,33,9,106,Normal
14:45,17,Tuesday,47,14,29,6,96,Normal
15:00,17,Tuesday,120,20,21,18,179,High
15:15,17,Tuesday,114,11,39,10,174,High
15:30,17,Tuesday,99,24,30,10,163,High
15:45,17,Tuesday,78,18,30,8,134,High
16:00,17,Tuesday,144,40,29,10,223,Normal
16:15,17,Tuesday,107,28,38,9,182,High
16:30,17,Tuesday,123,28,24,10,185,High
16:45,17,Tuesday,126,15,28,6,175,High
17:00,17,Tuesday,147,28,23,5,203,High
17:15,17,Tuesday,100,21,33,7,161,High
17:30,17,Tuesday,113,12,22,6,153,Normal
17:45,17,Tuesday,130,34,30,6,200,High
18:00,17,Tuesday,118,40,29,10,197,High
18:15,17,Tuesday,113,38,44,9,204,High
18:30,17,Tuesday,117,29,29,9,184,High
18:45,17,Tuesday,106,12,20,32,170,High
19:00,17,Tuesday,96,11,15,14,136,Normal
19:15,17,Tuesday,58,11,14,24,107,Normal
19:30,17,Tuesday,76,22,10,9,117,Normal
19:45,17,Tuesday,66,6,12,33,117,High
20:00,17,Tuesday,61,23,13,18,115,Normal
20:15,17,Tuesday,93,6,15,17,131,Normal
20:30,17,Tuesday,51,11,16,26,104,Normal
20:45,17,Tuesday,86,6,12,9,113,Normal
21:00,17,Tuesday,77,15,12,29,133,High
21:15,17,Tuesday,84,15,16,8,123,Normal
21:30,17,Tuesday,103,12,15,10,140,Normal
21:45,17,Tuesday,60,9,11,27,107,Normal
22:00,17,Tuesday,14,1,1,22,38,Normal
22:15,17,Tuesday,14,2,0,35,51,Normal
22:30,17,Tuesday,13,1,1,31,46,Normal
22:45,17,Tuesday,19,0,1,22,42,Normal
23:00,17,Tuesday,13,4,0,28,45,Normal
23:15,17,Tuesday,13,1,0,26,40,Normal
23:30,17,Tuesday,12,0,1,34,47,Normal
23:45,17,Tuesday,20,1,1,38,60,Normal
00:00,18,Wednesday,12,3,0,38,53,Normal
00:15,18,Wednesday,12,1,0,40,53,Normal
00:30,18,Wednesday,20,5,0,10,35,Low
00:45,18,Wednesday,12,4,1,27,44,Normal
01:00,18,Wednesday,15,5,0,21,41,Normal
01:15,18,Wednesday,19,2,0,30,51,Normal
01:30,18,Wednesday,11,0,1,40,52,Normal
01:45,18,Wednesday,15,3,0,35,53,Normal
02:00,18,Wednesday,15,0,1,37,53,Normal
02:15,18,Wednesday,16,2,0,37,55,Normal
02:30,18,Wednesday,10,0,1,24,35,Normal
02:45,18,Wednesday,12,0,1,31,44,Normal
03:00,18,Wednesday,15,1,1,36,53,Normal
03:15,18,Wednesday,14,5,0,17,36,Normal
03:30,18,Wednesday,17,3,1,38,59,Normal
03:45,18,Wednesday,19,0,0,18,37,Normal
04:00,18,Wednesday,18,5,1,30,54,Normal
04:15,18,Wednesday,119,12,6,4,141,Normal
04:30,18,Wednesday,74,28,1,13,116,Normal
04:45,18,Wednesday,101,26,10,0,137,Normal
05:00,18,Wednesday,99,4,7,19,129,Normal
05:15,18,Wednesday,99,18,7,5,129,Normal
05:30,18,Wednesday,102,24,2,8,136,Normal
05:45,18,Wednesday,50,4,6,13,73,Normal
06:00,18,Wednesday,128,11,46,4,189,High
06:15,18,Wednesday,129,39,43,0,211,High
06:30,18,Wednesday,129,27,38,0,194,High
06:45,18,Wednesday,113,24,22,2,161,Normal
07:00,18,Wednesday,141,15,21,5,182,High
07:15,18,Wednesday,120,22,29,1,172,High
07:30,18,Wednesday,141,24,47,4,216,High
07:45,18,Wednesday,149,24,33,1,207,High
08:00,18,Wednesday,140,40,36,1,217,High
08:15,18,Wednesday,140,20,36,0,196,High
08:30,18,Wednesday,107,13,31,4,155,High
08:45,18,Wednesday,141,15,32,4,192,High
09:00,18,Wednesday,120,27,38,4,189,High
09:15,18,Wednesday,70,14,21,5,110,Normal
09:30,18,Wednesday,55,24,16,21,116,High
09:45,18,Wednesday,52,18,22,16,108,Normal
10:00,18,Wednesday,65,4,19,21,109,Normal
10:15,18,Wednesday,54,10,30,28,122,High
10:30,18,Wednesday,37,3,32,18,90,Normal
10:45,18,Wednesday,23,3,37,18,81,Normal
11:00,18,Wednesday,43,7,7,29,86,Normal
11:15,18,Wednesday,22,6,13,24,65,Normal
11:30,18,Wednesday,21,10,6,30,67,Normal
11:45,18,Wednesday,48,8,11,22,89,Normal
12:00,18,Wednesday,35,5,12,20,72,Normal
12:15,18,Wednesday,69,5,13,22,109,Normal
12:30,18,Wednesday,22,9,10,21,62,Normal
12:45,18,Wednesday,46,5,9,23,83,Normal
13:00,18,Wednesday,49,5,11,21,86,Normal
13:15,18,Wednesday,29,18,29,20,96,Normal
13:30,18,Wednesday,96,23,31,14,164,High
13:45,18,Wednesday,100,27,23,16,166,Normal
14:00,18,Wednesday,96,22,36,5,159,High
14:15,18,Wednesday,27,26,25,15,93,Normal
14:30,18,Wednesday,114,21,32,5,172,High
14:45,18,Wednesday,74,27,34,10,145,High
15:00,18,Wednesday,14,16,9,14,53,Normal
15:15,18,Wednesday,84,30,26,10,150,High
15:30,18,Wednesday,96,19,14,18,147,Normal
15:45,18,Wednesday,40,15,28,5,88,Normal
16:00,18,Wednesday,110,15,46,5,176,High
16:15,18,Wednesday,138,39,31,7,215,High
16:30,18,Wednesday,118,32,32,10,192,High
16:45,18,Wednesday,142,34,38,9,223,Normal
17:00,18,Wednesday,113,13,36,5,167,Normal
17:15,18,Wednesday,104,29,32,7,172,High
17:30,18,Wednesday,134,39,21,9,203,High
17:45,18,Wednesday,107,15,48,5,175,High
18:00,18,Wednesday,139,25,43,7,214,High
18:15,18,Wednesday,128,20,20,6,174,High
18:30,18,Wednesday,101,13,47,10,171,High
18:45,18,Wednesday,105,17,13,23,158,High
19:00,18,Wednesday,103,14,13,9,139,Normal
19:15,18,Wednesday,51,23,15,13,102,Normal
19:30,18,Wednesday,84,10,16,20,130,Normal
19:45,18,Wednesday,97,25,19,24,165,High
20:00,18,Wednesday,98,8,10,19,135,Normal
20:15,18,Wednesday,94,13,19,25,151,High
20:30,18,Wednesday,105,25,11,35,176,High
20:45,18,Wednesday,74,9,13,6,102,Low
21:00,18,Wednesday,57,18,13,28,116,High
21:15,18,Wednesday,57,14,11,33,115,High
21:30,18,Wednesday,84,23,19,15,141,Normal
21:45,18,Wednesday,105,14,16,33,168,High
22:00,18,Wednesday,10,4,1,38,53,Normal
22:15,18,Wednesday,15,1,1,29,46,Normal
22:30,18,Wednesday,14,1,1,25,41,Normal
22:45,18,Wednesday,20,2,0,37,59,Normal
23:00,18,Wednesday,20,1,0,27,48,Normal
23:15,18,Wednesday,13,1,1,18,33,Normal
23:30,18,Wednesday,19,0,0,35,54,Normal
23:45,18,Wednesday,14,1,1,27,43,Normal
00:00,19,Thursday,13,5,0,12,30,Low
00:15,19,Thursday,18,5,0,12,35,Low
00:30,19,Thursday,10,3,1,32,46,Normal
00:45,19,Thursday,14,2,0,15,31,Normal
01:00,19,Thursday,16,3,0,15,34,Normal
01:15,19,Thursday,14,2,0,25,41,Normal
01:30,19,Thursday,17,5,0,18,40,Normal
01:45,19,Thursday,13,1,0,28,42,Normal
02:00,19,Thursday,19,0,1,20,40,Normal
02:15,19,Thursday,15,4,0,40,59,Normal
02:30,19,Thursday,14,3,1,26,44,Normal
02:45,19,Thursday,15,4,0,14,33,Normal
03:00,19,Thursday,12,3,1,13,29,Normal
03:15,19,Thursday,12,4,0,31,47,Normal
03:30,19,Thursday,17,4,1,20,42,Normal
03:45,19,Thursday,12,0,1,13,26,Normal
04:00,19,Thursday,18,2,0,16,36,Normal
04:15,19,Thursday,115,16,10,13,154,Normal
04:30,19,Thursday,117,5,10,15,147,Normal
04:45,19,Thursday,92,26,8,7,133,Normal
05:00,19,Thursday,88,3,6,4,101,Low
05:15,19,Thursday,109,11,4,3,127,Normal
05:30,19,Thursday,81,4,0,20,105,Normal
05:45,19,Thursday,118,2,5,19,144,Normal
06:00,19,Thursday,107,26,31,2,166,High
06:15,19,Thursday,103,11,35,5,154,High
06:30,19,Thursday,145,13,33,3,194,High
06:45,19,Thursday,143,22,37,4,206,High
07:00,19,Thursday,113,38,50,3,204,High
07:15,19,Thursday,149,10,47,3,209,High
07:30,19,Thursday,132,33,35,2,202,High
07:45,19,Thursday,119,40,41,2,202,High
08:00,19,Thursday,133,31,27,2,193,High
08:15,19,Thursday,140,20,44,4,208,High
08:30,19,Thursday,140,34,31,1,206,High
08:45,19,Thursday,128,37,50,2,217,High
09:00,19,Thursday,132,11,24,3,170,High
09:15,19,Thursday,23,8,40,27,98,Normal
09:30,19,Thursday,75,2,18,29,124,High
09:45,19,Thursday,99,14,33,14,160,High
10:00,19,Thursday,10,1,13,7,31,Low
10:15,19,Thursday,74,21,29,26,150,High
10:30,19,Thursday,29,15,25,5,74,Normal
10:45,19,Thursday,50,17,38,24,129,High
11:00,19,Thursday,64,9,14,20,107,Normal
11:15,19,Thursday,49,5,10,21,85,Normal
11:30,19,Thursday,39,7,10,30,86,Normal
11:45,19,Thursday,68,5,5,24,102,Normal
12:00,19,Thursday,67,7,8,22,104,Normal
12:15,19,Thursday,47,8,3,25,83,Normal
12:30,19,Thursday,66,9,7,24,106,Normal
12:45,19,Thursday,46,8,3,22,79,Normal
13:00,19,Thursday,54,6,12,21,93,Normal
13:15,19,Thursday,18,16,32,18,84,Normal
13:30,19,Thursday,24,20,7,9,60,Low
13:45,19,Thursday,113,17,16,20,166,Normal
14:00,19,Thursday,52,13,15,10,90,Low
14:15,19,Thursday,58,26,25,18,127,Normal
14:30,19,Thursday,44,19,22,6,91,Normal
14:45,19,Thursday,8,26,34,9,77,Normal
15:00,19,Thursday,31,10,27,8,76,Normal
15:15,19,Thursday,115,24,16,5,160,Normal
15:30,19,Thursday,56,29,16,16,117,Normal
15:45,19,Thursday,7,12,33,12,64,Normal
16:00,19,Thursday,133,10,46,10,199,High
16:15,19,Thursday,104,31,37,6,178,High
16:30,19,Thursday,100,38,36,9,183,High
16:45,19,Thursday,127,25,37,5,194,High
17:00,19,Thursday,118,32,48,6,204,High
17:15,19,Thursday,147,19,31,8,205,High
17:30,19,Thursday,123,36,34,5,198,High
17:45,19,Thursday,111,24,25,5,165,Normal
18:00,19,Thursday,121,16,42,8,187,High
18:15,19,Thursday,119,38,47,7,211,High
18:30,19,Thursday,132,30,41,6,209,High
18:45,19,Thursday,52,6,12,18,88,Normal
19:00,19,Thursday,97,21,10,8,136,Normal
19:15,19,Thursday,50,16,20,31,117,High
19:30,19,Thursday,94,25,19,8,146,Normal
19:45,19,Thursday,66,11,18,34,129,High
20:00,19,Thursday,105,16,15,6,142,Normal
20:15,19,Thursday,56,23,10,18,107,Normal
20:30,19,Thursday,105,19,10,25,159,High
20:45,19,Thursday,60,18,11,16,105,Normal
21:00,19,Thursday,88,10,14,11,123,Normal
21:15,19,Thursday,110,6,14,23,153,High
21:30,19,Thursday,78,20,11,35,144,High
21:45,19,Thursday,105,14,10,7,136,Normal
22:00,19,Thursday,18,1,0,10,29,Low
22:15,19,Thursday,18,1,0,27,46,Normal
22:30,19,Thursday,12,4,1,18,35,Normal
22:45,19,Thursday,15,4,1,32,52,Normal
23:00,19,Thursday,13,4,0,32,49,Normal
23:15,19,Thursday,14,4,0,15,33,Normal
23:30,19,Thursday,15,4,0,17,36,Normal
23:45,19,Thursday,14,0,1,21,36,Normal
00:00,20,Friday,17,5,0,37,59,Normal
00:15,20,Friday,14,4,1,12,31,Low
00:30,20,Friday,16,2,0,15,33,Normal
00:45,20,Friday,13,4,1,14,32,Normal
01:00,20,Friday,12,4,0,29,45,Normal
01:15,20,Friday,19,4,1,30,54,Normal
01:30,20,Friday,18,4,0,18,40,Normal
01:45,20,Friday,18,1,1,12,32,Low
02:00,20,Friday,20,4,1,21,46,Normal
02:15,20,Friday,10,2,1,20,33,Normal
02:30,20,Friday,18,5,1,23,47,Normal
02:45,20,Friday,16,5,1,30,52,Normal
03:00,20,Friday,12,3,0,40,55,Normal
03:15,20,Friday,12,2,0,40,54,Normal
03:30,20,Friday,16,0,1,37,54,Normal
03:45,20,Friday,15,4,1,16,36,Normal
04:00,20,Friday,13,0,0,38,51,Normal
04:15,20,Friday,61,5,3,14,83,Normal
04:30,20,Friday,27,15,6,10,58,Low
04:45,20,Friday,74,11,5,15,105,Normal
05:00,20,Friday,70,6,7,14,97,Normal
05:15,20,Friday,33,6,0,11,50,Low
05:30,20,Friday,29,12,1,13,55,Normal
05:45,20,Friday,69,5,7,10,91,Low
06:00,20,Friday,41,16,7,15,79,Normal
06:15,20,Friday,35,11,5,11,62,Low
06:30,20,Friday,25,9,6,14,54,Normal
06:45,20,Friday,65,15,1,11,92,Low
07:00,20,Friday,66,6,3,14,89,Normal
07:15,20,Friday,27,6,5,15,53,Normal
07:30,20,Friday,75,6,1,10,92,Low
07:45,20,Friday,54,11,4,12,81,Low
08:00,20,Friday,54,18,3,12,87,Low
08:15,20,Friday,69,8,0,14,91,Normal
08:30,20,Friday,52,19,6,10,87,Low
08:45,20,Friday,66,8,0,12,86,Low
09:00,20,Friday,54,11,0,13,78,Normal
09:15,20,Friday,151,48,15,3,217,High
09:30,20,Friday,170,62,18,2,252,High
09:45,20,Friday,134,59,11,3,207,High
10:00,20,Friday,166,63,22,1,252,High
10:15,20,Friday,173,64,10,2,249,High
10:30,20,Friday,176,45,22,2,245,High
10:45,20,Friday,162,59,27,1,249,High
11:00,20,Friday,171,46,15,3,235,High
11:15,20,Friday,158,44,26,2,230,High
11:30,20,Friday,151,64,16,0,231,High
11:45,20,Friday,162,65,14,3,244,High
12:00,20,Friday,179,44,23,1,247,High
12:15,20,Friday,175,59,11,3,248,High
12:30,20,Friday,173,63,13,2,251,High
12:45,20,Friday,144,66,11,3,224,High
13:00,20,Friday,132,68,22,4,226,High
13:15,20,Friday,161,50,10,0,221,High
13:30,20,Friday,151,56,29,1,237,High
13:45,20,Friday,168,59,24,1,252,High
14:00,20,Friday,144,65,20,3,232,High
14:15,20,Friday,179,63,12,2,256,High
14:30,20,Friday,161,56,12,4,233,High
14:45,20,Friday,134,67,12,1,214,High
15:00,20,Friday,140,70,23,4,237,High
15:15,20,Friday,66,29,24,1,120,Normal
15:30,20,Friday,60,27,17,2,106,Normal
15:45,20,Friday,89,27,10,2,128,Normal
16:00,20,Friday,81,29,5,0,115,Normal
16:15,20,Friday,78,22,12,1,113,Normal
16:30,20,Friday,71,24,18,2,115,Normal
16:45,20,Friday,50,26,9,1,86,Low
17:00,20,Friday,55,28,5,0,88,Low
17:15,20,Friday,61,20,25,1,107,Normal
17:30,20,Friday,76,22,14,2,114,Normal
17:45,20,Friday,50,20,23,1,94,Normal
18:00,20,Friday,89,26,0,2,117,Normal
18:15,20,Friday,62,20,17,0,99,Normal
18:30,20,Friday,83,20,23,2,128,Normal
18:45,20,Friday,65,20,2,0,87,Low
19:00,20,Friday,60,21,2,1,84,Low
19:15,20,Friday,36,8,3,9,56,Low
19:30,20,Friday,39,5,4,11,59,Low
19:45,20,Friday,26,8,3,0,37,Low
20:00,20,Friday,23,4,0,5,32,Low
20:15,20,Friday,50,2,0,4,56,Low
20:30,20,Friday,30,2,3,1,36,Low
20:45,20,Friday,48,10,4,2,64,Low
21:00,20,Friday,39,6,6,1,52,Low
21:15,20,Friday,47,10,3,9,69,Low
21:30,20,Friday,26,3,5,3,37,Low
21:45,20,Friday,25,6,3,9,43,Low
22:00,20,Friday,19,1,0,11,31,Low
22:15,20,Friday,16,5,0,26,47,Normal
22:30,20,Friday,15,2,1,39,57,Normal
22:45,20,Friday,14,5,0,11,30,Low
23:00,20,Friday,12,2,0,20,34,Normal
23:15,20,Friday,11,2,0,35,48,Normal
23:30,20,Friday,18,5,1,11,35,Low
23:45,20,Friday,17,2,0,20,39,Normal
00:00,21,Sunday,19,5,1,30,55,Normal
00:15,21,Sunday,17,4,1,24,46,Normal
00:30,21,Sunday,16,3,0,14,33,Normal
00:45,21,Sunday,16,3,1,23,43,Normal
01:00,21,Sunday,20,0,1,17,38,Normal
01:15,21,Sunday,20,0,0,37,57,Normal
01:30,21,Sunday,18,0,1,30,49,Normal
01:45,21,Sunday,19,1,0,14,34,Normal
02:00,21,Sunday,18,5,0,29,52,Normal
02:15,21,Sunday,11,1,0,22,34,Normal
02:30,21,Sunday,20,3,0,24,47,Normal
02:45,21,Sunday,12,2,1,10,25,Low
03:00,21,Sunday,19,5,1,31,56,Normal
03:15,21,Sunday,10,0,0,32,42,Normal
03:30,21,Sunday,14,1,1,12,28,Low
03:45,21,Sunday,14,2,1,24,41,Normal
04:00,21,Sunday,10,3,0,32,45,Normal
04:15,21,Sunday,97,23,6,17,143,Normal
04:30,21,Sunday,104,22,7,11,144,Normal
04:45,21,Sunday,100,15,8,20,143,Normal
05:00,21,Sunday,87,7,7,4,105,Low
05:15,21,Sunday,77,27,8,10,122,Normal
05:30,21,Sunday,51,7,4,5,67,Low
05:45,21,Sunday,79,1,10,6,96,Low
06:00,21,Sunday,100,40,29,5,174,High
06:15,21,Sunday,112,13,39,0,164,High
06:30,21,Sunday,120,16,34,2,172,High
06:45,21,Sunday,123,14,26,3,166,High
07:00,21,Sunday,142,27,27,4,200,High
07:15,21,Sunday,139,38,49,2,228,High
07:30,21,Sunday,134,24,21,2,181,High
07:45,21,Sunday,102,13,31,0,146,High
08:00,21,Sunday,102,16,43,4,165,High
08:15,21,Sunday,106,16,32,1,155,High
08:30,21,Sunday,117,19,42,3,181,High
08:45,21,Sunday,139,36,40,3,218,High
09:00,21,Sunday,121,13,25,2,161,Normal
09:15,21,Sunday,65,19,16,11,111,Normal
09:30,21,Sunday,12,25,39,28,104,Normal
09:45,21,Sunday,98,21,10,5,134,Normal
10:00,21,Sunday,58,9,25,13,105,Normal
10:15,21,Sunday,81,10,39,29,159,High
10:30,21,Sunday,67,20,33,29,149,High
10:45,21,Sunday,68,22,25,16,131,Normal
11:00,21,Sunday,47,10,6,22,85,Normal
11:15,21,Sunday,45,7,10,27,89,Normal
11:30,21,Sunday,54,5,11,24,94,Normal
11:45,21,Sunday,61,7,15,28,111,Normal
12:00,21,Sunday,56,5,4,29,94,Normal
12:15,21,Sunday,23,5,4,27,59,Normal
12:30,21,Sunday,31,6,8,23,68,Normal
12:45,21,Sunday,27,7,14,28,76,Normal
13:00,21,Sunday,30,7,3,30,70,Normal
13:15,21,Sunday,114,21,5,14,154,Normal
13:30,21,Sunday,46,24,35,16,121,High
13:45,21,Sunday,68,29,29,20,146,High
14:00,21,Sunday,45,16,15,5,81,Low
14:15,21,Sunday,86,13,11,20,130,Normal
14:30,21,Sunday,44,11,19,15,89,Normal
14:45,21,Sunday,45,17,13,20,95,Normal
15:00,21,Sunday,106,17,7,12,142,Normal
15:15,21,Sunday,44,16,9,13,82,Normal
15:30,21,Sunday,77,23,13,9,122,Normal
15:45,21,Sunday,53,17,26,8,104,Normal
16:00,21,Sunday,138,18,20,8,184,High
16:15,21,Sunday,142,24,39,9,214,High
16:30,21,Sunday,114,25,21,7,167,Normal
16:45,21,Sunday,116,35,42,6,199,High
17:00,21,Sunday,149,22,37,8,216,High
17:15,21,Sunday,100,12,39,7,158,High
17:30,21,Sunday,101,23,45,5,174,High
17:45,21,Sunday,122,40,48,10,220,High
18:00,21,Sunday,112,34,39,9,194,High
18:15,21,Sunday,112,12,41,5,170,High
18:30,21,Sunday,116,22,23,7,168,High
18:45,21,Sunday,90,13,15,33,151,High
19:00,21,Sunday,85,14,14,13,126,Normal
19:15,21,Sunday,59,25,13,27,124,High
19:30,21,Sunday,108,5,15,22,150,High
19:45,21,Sunday,75,8,16,25,124,High
20:00,21,Sunday,96,15,12,27,150,High
20:15,21,Sunday,61,17,10,8,96,Low
20:30,21,Sunday,84,25,20,30,159,High
20:45,21,Sunday,55,9,12,19,95,Normal
21:00,21,Sunday,65,16,12,32,125,High
21:15,21,Sunday,87,16,10,16,129,Normal
21:30,21,Sunday,75,5,12,21,113,High
21:45,21,Sunday,82,16,14,34,146,High
22:00,21,Sunday,11,3,0,34,48,Normal
22:15,21,Sunday,15,5,0,14,34,Normal
22:30,21,Sunday,18,5,1,13,37,Normal
22:45,21,Sunday,19,2,1,34,56,Normal
23:00,21,Sunday,20,4,1,26,51,Normal
23:15,21,Sunday,14,4,0,10,28,Low
23:30,21,Sunday,11,1,1,36,49,Normal
23:45,21,Sunday,10,2,1,15,28,Normal
00:00,22,Saturday,10,3,0,33,46,Normal
00:15,22,Saturday,14,3,0,23,40,Normal
00:30,22,Saturday,11,5,1,11,28,Low
00:45,22,Saturday,10,1,1,34,46,Normal
01:00,22,Saturday,20,4,1,17,42,Normal
01:15,22,Saturday,17,5,0,24,46,Normal
01:30,22,Saturday,12,2,1,18,33,Normal
01:45,22,Saturday,15,0,1,16,32,Normal
02:00,22,Saturday,19,5,0,15,39,Normal
02:15,22,Saturday,11,3,1,39,54,Normal
02:30,22,Saturday,14,5,0,10,29,Low
02:45,22,Saturday,20,0,1,33,54,Normal
03:00,22,Saturday,13,1,1,33,48,Normal
03:15,22,Saturday,18,2,1,12,33,Low
03:30,22,Saturday,19,2,1,23,45,Normal
03:45,22,Saturday,10,4,0,36,50,Normal
04:00,22,Saturday,13,4,0,17,34,Normal
04:15,22,Saturday,86,28,2,18,134,Normal
04:30,22,Saturday,59,29,9,14,111,Normal
04:45,22,Saturday,102,20,9,13,144,Normal
05:00,22,Saturday,114,28,8,16,166,Normal
05:15,22,Saturday,87,23,5,0,115,Normal
05:30,22,Saturday,88,5,8,13,114,Normal
05:45,22,Saturday,83,6,4,9,102,Low
06:00,22,Saturday,150,19,24,3,196,High
06:15,22,Saturday,148,35,46,1,230,High
06:30,22,Saturday,146,23,23,4,196,High
06:45,22,Saturday,140,21,39,3,203,High
07:00,22,Saturday,149,36,35,1,221,High
07:15,22,Saturday,125,34,42,0,201,High
07:30,22,Saturday,147,34,20,5,206,High
07:45,22,Saturday,128,33,21,4,186,High
08:00,22,Saturday,111,38,50,5,204,High
08:15,22,Saturday,144,20,32,4,200,High
08:30,22,Saturday,121,14,23,1,159,Normal
08:45,22,Saturday,136,36,40,4,216,High
09:00,22,Saturday,114,21,23,1,159,Normal
09:15,22,Saturday,75,17,37,29,158,High
09:30,22,Saturday,34,5,27,22,88,Normal
09:45,22,Saturday,45,6,7,15,73,Normal
10:00,22,Saturday,65,10,6,27,108,Normal
10:15,22,Saturday,67,25,20,18,130,Normal
10:30,22,Saturday,50,25,25,28,128,High
10:45,22,Saturday,37,19,38,12,106,Normal
11:00,22,Saturday,36,8,3,29,76,Normal
11:15,22,Saturday,63,5,8,23,99,Normal
11:30,22,Saturday,67,5,7,22,101,Normal
11:45,22,Saturday,36,9,14,22,81,Normal
12:00,22,Saturday,57,8,10,22,97,Normal
12:15,22,Saturday,65,7,14,25,111,Normal
12:30,22,Saturday,54,10,3,29,96,Normal
12:45,22,Saturday,41,5,4,25,75,Normal
13:00,22,Saturday,43,9,3,25,80,Normal
13:15,22,Saturday,9,27,32,17,85,Normal
13:30,22,Saturday,101,28,18,20,167,Normal
13:45,22,Saturday,99,16,16,18,149,Normal
14:00,22,Saturday,20,27,32,12,91,Normal
14:15,22,Saturday,96,16,39,17,168,High
14:30,22,Saturday,62,28,18,20,128,Normal
14:45,22,Saturday,58,27,17,5,107,Normal
15:00,22,Saturday,60,18,28,12,118,High
15:15,22,Saturday,81,26,13,17,137,Normal
15:30,22,Saturday,118,15,27,13,173,High
15:45,22,Saturday,53,12,25,20,110,Normal
16:00,22,Saturday,132,12,27,9,180,High
16:15,22,Saturday,149,14,50,5,218,High
16:30,22,Saturday,106,35,41,5,187,High
16:45,22,Saturday,150,29,27,7,213,High
17:00,22,Saturday,110,30,46,5,191,High
17:15,22,Saturday,129,35,34,5,203,High
17:30,22,Saturday,133,21,26,5,185,High
17:45,22,Saturday,148,34,45,7,234,High
18:00,22,Saturday,144,39,43,8,234,High
18:15,22,Saturday,126,27,44,8,205,High
18:30,22,Saturday,103,34,49,5,191,High
18:45,22,Saturday,96,7,13,30,146,High
19:00,22,Saturday,54,17,17,19,107,Normal
19:15,22,Saturday,98,16,17,15,146,Normal
19:30,22,Saturday,72,6,19,8,105,Normal
19:45,22,Saturday,69,23,12,31,135,High
20:00,22,Saturday,85,13,16,24,138,High
20:15,22,Saturday,102,22,12,9,145,Normal
20:30,22,Saturday,103,14,20,14,151,Normal
20:45,22,Saturday,80,12,10,22,124,High
21:00,22,Saturday,63,18,11,5,97,Low
21:15,22,Saturday,84,21,13,9,127,Normal
21:30,22,Saturday,72,10,10,29,121,High
21:45,22,Saturday,79,22,17,13,131,Normal
22:00,22,Saturday,12,5,0,27,44,Normal
22:15,22,Saturday,19,1,1,38,59,Normal
22:30,22,Saturday,14,3,0,33,50,Normal
22:45,22,Saturday,16,3,1,37,57,Normal
23:00,22,Saturday,14,5,0,37,56,Normal
23:15,22,Saturday,11,2,1,20,34,Normal
23:30,22,Saturday,20,3,0,25,48,Normal
23:45,22,Saturday,20,0,1,30,51,Normal
00:00,23,Monday,13,2,1,17,33,Normal
00:15,23,Monday,20,1,1,19,41,Normal
00:30,23,Monday,10,2,1,12,25,Low
00:45,23,Monday,14,2,0,25,41,Normal
01:00,23,Monday,12,0,1,16,29,Normal
01:15,23,Monday,11,5,1,31,48,Normal
01:30,23,Monday,13,1,1,16,31,Normal
01:45,23,Monday,17,3,0,10,30,Low
02:00,23,Monday,11,1,0,22,34,Normal
02:15,23,Monday,10,4,1,16,31,Normal
02:30,23,Monday,15,3,1,32,51,Normal
02:45,23,Monday,10,0,0,22,32,Normal
03:00,23,Monday,20,1,1,16,38,Normal
03:15,23,Monday,16,1,1,15,33,Normal
03:30,23,Monday,14,4,1,32,51,Normal
03:45,23,Monday,16,1,1,37,55,Normal
04:00,23,Monday,10,2,1,36,49,Normal
04:15,23,Monday,96,18,7,2,123,Normal
04:30,23,Monday,51,14,0,5,70,Low
04:45,23,Monday,63,25,2,8,98,Low
05:00,23,Monday,72,7,1,4,84,Low
05:15,23,Monday,86,18,6,1,111,Low
05:30,23,Monday,105,4,4,20,133,Normal
05:45,23,Monday,117,10,10,18,155,Normal
06:00,23,Monday,120,36,32,0,188,High
06:15,23,Monday,135,20,31,0,186,High
06:30,23,Monday,112,40,42,3,197,High
06:45,23,Monday,135,13,20,3,171,High
07:00,23,Monday,105,35,24,2,166,Normal
07:15,23,Monday,150,25,36,0,211,High
07:30,23,Monday,108,27,23,2,160,Normal
07:45,23,Monday,108,40,45,1,194,High
08:00,23,Monday,118,19,21,1,159,Normal
08:15,23,Monday,131,18,41,1,191,High
08:30,23,Monday,148,31,20,4,203,High
08:45,23,Monday,120,26,22,1,169,High
09:00,23,Monday,147,12,32,0,191,High
09:15,23,Monday,73,9,35,12,129,High
09:30,23,Monday,93,21,22,29,165,High
09:45,23,Monday,66,2,10,28,106,Normal
10:00,23,Monday,18,6,6,6,36,Low
10:15,23,Monday,78,1,16,30,125,High
10:30,23,Monday,69,15,24,20,128,Normal
10:45,23,Monday,82,2,40,17,141,High
11:00,23,Monday,57,9,5,23,94,Normal
11:15,23,Monday,25,5,14,26,70,Normal
11:30,23,Monday,40,9,15,28,92,Normal
11:45,23,Monday,52,6,13,21,92,Normal
12:00,23,Monday,45,8,13,29,95,Normal
12:15,23,Monday,67,10,7,25,109,Normal
12:30,23,Monday,20,8,14,30,72,Normal
12:45,23,Monday,44,8,4,29,85,Normal
13:00,23,Monday,63,5,8,29,105,Normal
13:15,23,Monday,119,15,20,13,167,Normal
13:30,23,Monday,103,10,23,7,143,Normal
13:45,23,Monday,42,14,15,14,85,Normal
14:00,23,Monday,67,20,24,12,123,Normal
14:15,23,Monday,56,18,29,17,120,High
14:30,23,Monday,65,16,32,15,128,High
14:45,23,Monday,107,11,26,19,163,High
15:00,23,Monday,11,18,22,10,61,Normal
15:15,23,Monday,28,15,27,12,82,Normal
15:30,23,Monday,45,17,7,6,75,Low
15:45,23,Monday,66,12,27,6,111,Normal
16:00,23,Monday,104,40,22,9,175,High
16:15,23,Monday,113,21,26,5,165,High
16:30,23,Monday,120,29,37,6,192,High
16:45,23,Monday,129,10,39,6,184,High
17:00,23,Monday,119,29,40,10,198,High
17:15,23,Monday,119,25,32,9,185,High
17:30,23,Monday,123,10,30,7,170,High
17:45,23,Monday,111,33,28,5,177,High
18:00,23,Monday,110,12,47,8,177,High
18:15,23,Monday,139,15,43,9,206,High
18:30,23,Monday,132,29,25,7,193,High
18:45,23,Monday,51,8,18,18,95,Normal
19:00,23,Monday,76,5,14,20,115,Normal
19:15,23,Monday,53,15,13,23,104,Normal
19:30,23,Monday,50,25,19,9,103,Normal
19:45,23,Monday,86,24,20,34,164,High
20:00,23,Monday,67,23,14,13,117,Normal
20:15,23,Monday,54,9,15,7,85,Low
20:30,23,Monday,59,12,16,35,122,High
20:45,23,Monday,109,25,15,5,154,Normal
21:00,23,Monday,73,18,10,35,136,High
21:15,23,Monday,65,24,14,19,122,Normal
21:30,23,Monday,94,10,11,22,137,High
21:45,23,Monday,106,9,12,31,158,High
22:00,23,Monday,18,3,0,11,32,Low
22:15,23,Monday,17,1,1,36,55,Normal
22:30,23,Monday,12,0,0,22,34,Normal
22:45,23,Monday,11,1,0,19,31,Normal
23:00,23,Monday,16,1,0,32,49,Normal
23:15,23,Monday,12,3,1,13,29,Normal
23:30,23,Monday,14,4,1,27,46,Normal
23:45,23,Monday,11,3,1,37,52,Normal
00:00,24,Tuesday,17,2,0,18,37,Normal
00:15,24,Tuesday,18,4,1,39,62,Normal
00:30,24,Tuesday,20,4,0,32,56,Normal
00:45,24,Tuesday,15,0,0,28,43,Normal
01:00,24,Tuesday,11,4,0,12,27,Low
01:15,24,Tuesday,19,5,1,35,60,Normal
01:30,24,Tuesday,15,0,1,26,42,Normal
01:45,24,Tuesday,11,4,0,31,46,Normal
02:00,24,Tuesday,19,2,1,33,55,Normal
02:15,24,Tuesday,12,4,1,29,46,Normal
02:30,24,Tuesday,15,5,1,16,37,Normal
02:45,24,Tuesday,14,4,1,21,40,Normal
03:00,24,Tuesday,19,4,1,17,41,Normal
03:15,24,Tuesday,10,2,1,12,25,Low
03:30,24,Tuesday,10,0,0,11,21,Low
03:45,24,Tuesday,20,4,1,33,58,Normal
04:00,24,Tuesday,10,1,0,12,23,Low
04:15,24,Tuesday,73,12,5,5,95,Low
04:30,24,Tuesday,95,15,4,19,133,Normal
04:45,24,Tuesday,81,19,3,13,116,Normal
05:00,24,Tuesday,119,25,10,9,163,Normal
05:15,24,Tuesday,80,10,4,15,109,Normal
05:30,24,Tuesday,102,24,3,16,145,Normal
05:45,24,Tuesday,68,17,6,10,101,Low
06:00,24,Tuesday,109,40,38,0,187,High
06:15,24,Tuesday,124,25,31,1,181,High
06:30,24,Tuesday,126,22,21,1,170,High
06:45,24,Tuesday,120,31,29,5,185,High
07:00,24,Tuesday,101,20,47,5,173,High
07:15,24,Tuesday,139,40,48,2,229,High
07:30,24,Tuesday,116,23,23,4,166,Normal
07:45,24,Tuesday,101,14,24,0,139,Normal
08:00,24,Tuesday,137,40,21,5,203,High
08:15,24,Tuesday,131,26,36,0,193,High
08:30,24,Tuesday,114,27,45,4,190,High
08:45,24,Tuesday,102,14,46,1,163,High
09:00,24,Tuesday,116,24,32,5,177,High
09:15,24,Tuesday,29,10,21,12,72,Normal
09:30,24,Tuesday,41,12,15,10,78,Low
09:45,24,Tuesday,41,9,7,27,84,Normal
10:00,24,Tuesday,90,25,26,10,151,High
10:15,24,Tuesday,64,25,17,20,126,Normal
10:30,24,Tuesday,64,10,17,23,114,High
10:45,24,Tuesday,69,17,5,28,119,High
11:00,24,Tuesday,59,9,9,21,98,Normal
11:15,24,Tuesday,44,10,12,29,95,Normal
11:30,24,Tuesday,43,5,6,26,80,Normal
11:45,24,Tuesday,65,7,10,21,103,Normal
12:00,24,Tuesday,29,5,12,21,67,Normal
12:15,24,Tuesday,24,9,8,20,61,Normal
12:30,24,Tuesday,44,6,4,26,80,Normal
12:45,24,Tuesday,35,10,12,24,81,Normal
13:00,24,Tuesday,43,10,15,21,89,Normal
13:15,24,Tuesday,45,17,24,11,97,Normal
13:30,24,Tuesday,108,21,37,14,180,High
13:45,24,Tuesday,53,19,33,9,114,High
14:00,24,Tuesday,75,23,31,13,142,High
14:15,24,Tuesday,70,18,5,19,112,Normal
14:30,24,Tuesday,52,25,15,19,111,Normal
14:45,24,Tuesday,9,18,24,9,60,Normal
15:00,24,Tuesday,47,21,9,18,95,Normal
15:15,24,Tuesday,116,20,17,19,172,High
15:30,24,Tuesday,65,14,6,9,94,Low
15:45,24,Tuesday,93,12,13,13,131,Normal
16:00,24,Tuesday,100,21,45,9,175,High
16:15,24,Tuesday,121,24,31,6,182,High
16:30,24,Tuesday,110,15,50,5,180,High
16:45,24,Tuesday,103,17,28,5,153,High
17:00,24,Tuesday,136,38,20,5,199,High
17:15,24,Tuesday,119,22,32,9,182,High
17:30,24,Tuesday,132,17,36,5,190,High
17:45,24,Tuesday,147,10,41,5,203,High
18:00,24,Tuesday,111,12,44,6,173,High
18:15,24,Tuesday,102,27,32,5,166,High
18:30,24,Tuesday,137,25,29,7,198,High
18:45,24,Tuesday,71,17,15,31,134,High
19:00,24,Tuesday,64,25,11,15,115,Normal
19:15,24,Tuesday,70,16,15,29,130,High
19:30,24,Tuesday,91,9,11,32,143,High
19:45,24,Tuesday,95,6,11,35,147,High
20:00,24,Tuesday,76,16,10,31,133,High
20:15,24,Tuesday,87,17,18,7,129,Normal
20:30,24,Tuesday,63,22,12,29,126,High
20:45,24,Tuesday,56,17,20,8,101,Normal
21:00,24,Tuesday,102,18,19,29,168,High
21:15,24,Tuesday,60,23,10,13,106,Normal
21:30,24,Tuesday,88,6,18,25,137,High
21:45,24,Tuesday,104,15,10,32,161,High
22:00,24,Tuesday,16,1,1,26,44,Normal
22:15,24,Tuesday,12,1,0,12,25,Low
22:30,24,Tuesday,16,1,0,29,46,Normal
22:45,24,Tuesday,13,5,0,31,49,Normal
23:00,24,Tuesday,20,1,1,27,49,Normal
23:15,24,Tuesday,18,0,0,29,47,Normal
23:30,24,Tuesday,16,3,1,26,46,Normal
23:45,24,Tuesday,18,0,0,21,39,Normal
00:00,25,Wednesday,11,5,0,24,40,Normal
00:15,25,Wednesday,13,1,0,10,24,Low
00:30,25,Wednesday,10,1,0,26,37,Normal
00:45,25,Wednesday,19,5,1,22,47,Normal
01:00,25,Wednesday,20,0,0,10,30,Low
01:15,25,Wednesday,16,4,1,39,60,Normal
01:30,25,Wednesday,19,1,1,11,32,Low
01:45,25,Wednesday,20,4,0,38,62,Normal
02:00,25,Wednesday,15,1,1,15,32,Normal
02:15,25,Wednesday,10,0,0,33,43,Normal
02:30,25,Wednesday,20,5,0,24,49,Normal
02:45,25,Wednesday,12,2,1,35,50,Normal
03:00,25,Wednesday,10,4,1,37,52,Normal
03:15,25,Wednesday,15,4,0,38,57,Normal
03:30,25,Wednesday,19,0,1,39,59,Normal
03:45,25,Wednesday,16,4,0,35,55,Normal
04:00,25,Wednesday,20,3,1,35,59,Normal
04:15,25,Wednesday,118,1,0,4,123,Normal
04:30,25,Wednesday,89,20,4,17,130,Normal
04:45,25,Wednesday,120,18,6,13,157,Normal
05:00,25,Wednesday,85,7,3,18,113,Normal
05:15,25,Wednesday,99,8,2,14,123,Normal
05:30,25,Wednesday,59,25,2,7,93,Low
05:45,25,Wednesday,58,25,2,5,90,Low
06:00,25,Wednesday,113,40,36,4,193,High
06:15,25,Wednesday,113,16,50,2,181,High
06:30,25,Wednesday,121,27,50,4,202,High
06:45,25,Wednesday,150,17,28,0,195,High
07:00,25,Wednesday,136,29,23,0,188,High
07:15,25,Wednesday,142,32,27,2,203,High
07:30,25,Wednesday,106,32,42,2,182,High
07:45,25,Wednesday,103,21,20,0,144,Normal
08:00,25,Wednesday,131,19,26,1,177,High
08:15,25,Wednesday,133,23,21,3,180,High
08:30,25,Wednesday,123,17,50,1,191,High
08:45,25,Wednesday,124,21,35,2,182,High
09:00,25,Wednesday,136,26,20,4,186,High
09:15,25,Wednesday,92,10,39,19,160,High
09:30,25,Wednesday,82,7,13,19,121,Normal
09:45,25,Wednesday,42,2,28,27,99,Normal
10:00,25,Wednesday,24,17,17,9,67,Normal
10:15,25,Wednesday,42,19,17,12,90,Normal
10:30,25,Wednesday,100,12,5,23,140,High
10:45,25,Wednesday,11,25,30,22,88,Normal
11:00,25,Wednesday,27,7,10,22,66,Normal
11:15,25,Wednesday,38,7,11,20,76,Normal
11:30,25,Wednesday,49,10,6,27,92,Normal
11:45,25,Wednesday,66,9,7,28,110,Normal
12:00,25,Wednesday,70,8,3,22,103,Normal
12:15,25,Wednesday,58,7,6,27,98,Normal
12:30,25,Wednesday,53,9,13,29,104,Normal
12:45,25,Wednesday,22,5,6,26,59,Normal
13:00,25,Wednesday,40,10,11,28,89,Normal
13:15,25,Wednesday,58,13,10,12,93,Low
13:30,25,Wednesday,60,25,24,17,126,Normal
13:45,25,Wednesday,25,11,24,17,77,Normal
14:00,25,Wednesday,22,28,11,18,79,Normal
14:15,25,Wednesday,6,11,37,15,69,Normal
14:30,25,Wednesday,92,18,34,18,162,High
14:45,25,Wednesday,97,17,38,20,172,High
15:00,25,Wednesday,92,18,31,6,147,High
15:15,25,Wednesday,74,12,17,16,119,Normal
15:30,25,Wednesday,67,22,7,5,101,Low
15:45,25,Wednesday,84,20,25,15,144,Normal
16:00,25,Wednesday,144,15,42,8,209,High
16:15,25,Wednesday,120,11,47,7,185,High
16:30,25,Wednesday,108,10,36,6,160,High
16:45,25,Wednesday,141,13,50,6,210,High
17:00,25,Wednesday,121,37,29,8,195,High
17:15,25,Wednesday,142,40,22,6,210,High
17:30,25,Wednesday,137,23,28,7,195,High
17:45,25,Wednesday,117,10,27,8,162,High
18:00,25,Wednesday,100,16,37,7,160,High
18:15,25,Wednesday,148,11,42,8,209,High
18:30,25,Wednesday,148,27,39,6,220,High
18:45,25,Wednesday,65,18,20,21,124,High
19:00,25,Wednesday,75,9,14,6,104,Low
19:15,25,Wednesday,85,15,20,29,149,High
19:30,25,Wednesday,57,21,20,18,116,Normal
19:45,25,Wednesday,50,7,13,30,100,Normal
20:00,25,Wednesday,87,21,14,34,156,High
20:15,25,Wednesday,64,24,11,6,105,Low
20:30,25,Wednesday,76,6,18,14,114,Normal
20:45,25,Wednesday,69,11,12,8,100,Low
21:00,25,Wednesday,76,9,17,14,116,Normal
21:15,25,Wednesday,94,8,15,5,122,Normal
21:30,25,Wednesday,104,10,16,33,163,High
21:45,25,Wednesday,98,13,13,33,157,High
22:00,25,Wednesday,13,5,0,18,36,Normal
22:15,25,Wednesday,17,1,0,11,29,Low
22:30,25,Wednesday,18,2,1,34,55,Normal
22:45,25,Wednesday,11,1,0,35,47,Normal
23:00,25,Wednesday,17,4,0,11,32,Low
23:15,25,Wednesday,17,1,1,23,42,Normal
23:30,25,Wednesday,17,2,0,23,42,Normal
23:45,25,Wednesday,16,4,1,30,51,Normal
00:00,26,Thursday,15,5,1,23,44,Normal
00:15,26,Thursday,18,0,0,31,49,Normal
00:30,26,Thursday,10,1,0,17,28,Normal
00:45,26,Thursday,13,2,0,32,47,Normal
01:00,26,Thursday,16,1,0,38,55,Normal
01:15,26,Thursday,11,4,0,32,47,Normal
01:30,26,Thursday,12,2,0,26,40,Normal
01:45,26,Thursday,14,2,1,14,31,Normal
02:00,26,Thursday,18,2,0,37,57,Normal
02:15,26,Thursday,17,1,1,22,41,Normal
02:30,26,Thursday,12,3,0,29,44,Normal
02:45,26,Thursday,20,5,0,30,55,Normal
03:00,26,Thursday,17,5,1,19,42,Normal
03:15,26,Thursday,12,0,1,33,46,Normal
03:30,26,Thursday,19,1,0,20,40,Normal
03:45,26,Thursday,11,4,1,38,54,Normal
04:00,26,Thursday,14,5,0,39,58,Normal
04:15,26,Thursday,102,20,4,12,138,Normal
04:30,26,Thursday,92,4,6,18,120,Normal
04:45,26,Thursday,54,14,10,16,94,Normal
05:00,26,Thursday,55,15,1,10,81,Low
05:15,26,Thursday,64,27,5,5,101,Low
05:30,26,Thursday,52,13,5,15,85,Normal
05:45,26,Thursday,73,11,4,3,91,Low
06:00,26,Thursday,106,27,45,5,183,High
06:15,26,Thursday,145,21,40,5,211,High
06:30,26,Thursday,133,19,28,5,185,High
06:45,26,Thursday,117,31,49,0,197,High
07:00,26,Thursday,146,17,34,0,197,High
07:15,26,Thursday,101,35,42,3,181,High
07:30,26,Thursday,103,28,32,1,164,High
07:45,26,Thursday,150,10,26,0,186,High
08:00,26,Thursday,135,23,48,0,206,High
08:15,26,Thursday,104,10,48,2,164,High
08:30,26,Thursday,144,39,50,1,234,High
08:45,26,Thursday,132,10,49,0,191,High
09:00,26,Thursday,142,19,31,1,193,High
09:15,26,Thursday,45,4,30,29,108,Normal
09:30,26,Thursday,27,24,10,5,66,Low
09:45,26,Thursday,85,3,14,16,118,Normal
10:00,26,Thursday,84,11,27,26,148,High
10:15,26,Thursday,90,4,10,20,124,Normal
10:30,26,Thursday,13,19,39,12,83,Normal
10:45,26,Thursday,11,1,37,9,58,Normal
11:00,26,Thursday,57,10,4,27,98,Normal
11:15,26,Thursday,52,10,9,23,94,Normal
11:30,26,Thursday,38,7,13,21,79,Normal
11:45,26,Thursday,35,7,15,24,81,Normal
12:00,26,Thursday,60,10,12,21,103,Normal
12:15,26,Thursday,70,10,3,30,113,High
12:30,26,Thursday,34,8,6,30,78,Normal
12:45,26,Thursday,44,6,4,27,81,Normal
13:00,26,Thursday,21,5,4,25,55,Normal
13:15,26,Thursday,106,10,11,11,138,Normal
13:30,26,Thursday,82,30,32,10,154,High
13:45,26,Thursday,57,12,9,17,95,Normal
14:00,26,Thursday,60,18,21,10,109,Normal
14:15,26,Thursday,79,17,34,8,138,High
14:30,26,Thursday,78,29,22,13,142,Normal
14:45,26,Thursday,69,14,32,18,133,High
15:00,26,Thursday,84,25,5,9,123,Normal
15:15,26,Thursday,62,11,28,5,106,Normal
15:30,26,Thursday,33,17,22,18,90,Normal
15:45,26,Thursday,14,21,23,6,64,Normal
16:00,26,Thursday,127,27,40,5,199,High
16:15,26,Thursday,136,10,27,7,180,High
16:30,26,Thursday,148,14,37,9,208,High
16:45,26,Thursday,122,16,28,6,172,High
17:00,26,Thursday,132,12,45,9,198,High
17:15,26,Thursday,136,29,29,10,204,High
17:30,26,Thursday,103,33,48,10,194,High
17:45,26,Thursday,132,37,23,10,202,High
18:00,26,Thursday,136,39,39,6,220,High
18:15,26,Thursday,120,24,36,5,185,High
18:30,26,Thursday,126,34,38,9,207,High
18:45,26,Thursday,80,22,14,18,134,Normal
19:00,26,Thursday,99,9,15,29,152,High
19:15,26,Thursday,81,21,19,7,128,Normal
19:30,26,Thursday,87,9,16,26,138,High
19:45,26,Thursday,80,17,13,30,140,High
20:00,26,Thursday,91,18,18,9,136,Normal
20:15,26,Thursday,90,19,15,13,137,Normal
20:30,26,Thursday,107,19,10,23,159,High
20:45,26,Thursday,98,11,14,27,150,High
21:00,26,Thursday,98,18,20,22,158,High
21:15,26,Thursday,102,5,12,17,136,Normal
21:30,26,Thursday,62,13,16,28,119,High
21:45,26,Thursday,101,15,12,35,163,High
22:00,26,Thursday,17,5,1,16,39,Normal
22:15,26,Thursday,10,4,1,37,52,Normal
22:30,26,Thursday,16,4,0,35,55,Normal
22:45,26,Thursday,17,2,0,17,36,Normal
23:00,26,Thursday,17,0,0,27,44,Normal
23:15,26,Thursday,17,4,1,25,47,Normal
23:30,26,Thursday,15,2,0,15,32,Normal
23:45,26,Thursday,20,0,1,12,33,Low
00:00,27,Friday,16,3,0,28,47,Normal
00:15,27,Friday,13,2,1,28,44,Normal
00:30,27,Friday,15,5,0,26,46,Normal
00:45,27,Friday,15,2,1,16,34,Normal
01:00,27,Friday,12,3,0,26,41,Normal
01:15,27,Friday,15,5,0,27,47,Normal
01:30,27,Friday,20,2,0,17,39,Normal
01:45,27,Friday,12,2,0,16,30,Normal
02:00,27,Friday,19,1,0,38,58,Normal
02:15,27,Friday,16,1,1,32,50,Normal
02:30,27,Friday,12,0,0,11,23,Low
02:45,27,Friday,16,5,1,29,51,Normal
03:00,27,Friday,19,5,1,18,43,Normal
03:15,27,Friday,11,0,0,15,26,Normal
03:30,27,Friday,15,4,1,17,37,Normal
03:45,27,Friday,20,1,0,23,44,Normal
04:00,27,Friday,10,4,0,36,50,Normal
04:15,27,Friday,39,14,0,15,68,Normal
04:30,27,Friday,33,7,3,10,53,Low
04:45,27,Friday,77,8,7,15,107,Normal
05:00,27,Friday,80,18,6,11,115,Normal
05:15,27,Friday,53,11,7,15,86,Normal
05:30,27,Friday,73,17,6,13,109,Normal
05:45,27,Friday,77,20,4,13,114,Normal
06:00,27,Friday,76,14,1,12,103,Low
06:15,27,Friday,58,14,0,15,87,Normal
06:30,27,Friday,57,18,7,13,95,Normal
06:45,27,Friday,80,16,0,10,106,Low
07:00,27,Friday,38,7,1,13,59,Normal
07:15,27,Friday,53,20,6,12,91,Low
07:30,27,Friday,30,9,7,10,56,Low
07:45,27,Friday,50,19,4,10,83,Low
08:00,27,Friday,31,14,3,14,62,Normal
08:15,27,Friday,28,18,5,10,61,Low
08:30,27,Friday,31,15,4,12,62,Low
08:45,27,Friday,52,19,0,10,81,Low
09:00,27,Friday,42,9,2,13,66,Normal
09:15,27,Friday,151,55,27,2,235,High
09:30,27,Friday,180,69,29,1,279,High
09:45,27,Friday,149,41,23,3,216,High
10:00,27,Friday,167,60,27,3,257,High
10:15,27,Friday,134,45,22,3,204,High
10:30,27,Friday,180,62,26,4,272,High
10:45,27,Friday,156,54,25,3,238,High
11:00,27,Friday,171,60,18,1,250,High
11:15,27,Friday,174,53,10,3,240,High
11:30,27,Friday,154,61,16,3,234,High
11:45,27,Friday,161,53,11,1,226,High
12:00,27,Friday,148,48,13,2,211,High
12:15,27,Friday,136,60,27,2,225,High
12:30,27,Friday,143,68,16,0,227,High
12:45,27,Friday,152,51,22,2,227,High
13:00,27,Friday,132,58,15,4,209,High
13:15,27,Friday,155,58,15,4,232,High
13:30,27,Friday,144,62,12,3,221,High
13:45,27,Friday,161,51,20,1,233,High
14:00,27,Friday,137,46,13,2,198,High
14:15,27,Friday,149,61,16,1,227,High
14:30,27,Friday,158,46,20,1,225,High
14:45,27,Friday,134,65,22,0,221,High
15:00,27,Friday,134,65,10,2,211,High
15:15,27,Friday,73,24,4,0,101,Low
15:30,27,Friday,64,23,21,1,109,Normal
15:45,27,Friday,51,27,25,2,105,Normal
16:00,27,Friday,80,22,17,0,119,Normal
16:15,27,Friday,61,26,8,0,95,Low
16:30,27,Friday,75,24,8,0,107,Low
16:45,27,Friday,82,20,15,2,119,Normal
17:00,27,Friday,53,28,21,1,103,Normal
17:15,27,Friday,68,29,14,0,111,Low
17:30,27,Friday,63,28,22,0,113,Normal
17:45,27,Friday,76,30,20,1,127,Normal
18:00,27,Friday,66,23,10,0,99,Low
18:15,27,Friday,50,23,1,0,74,Low
18:30,27,Friday,60,29,22,2,113,Normal
18:45,27,Friday,75,26,11,0,112,Normal
19:00,27,Friday,81,22,18,2,123,Normal
19:15,27,Friday,33,6,0,4,43,Low
19:30,27,Friday,21,5,6,15,47,Normal
19:45,27,Friday,22,7,1,2,32,Low
20:00,27,Friday,31,6,0,15,52,Normal
20:15,27,Friday,41,8,3,2,54,Low
20:30,27,Friday,24,6,5,11,46,Low
20:45,27,Friday,45,6,6,10,67,Low
21:00,27,Friday,24,11,6,2,43,Low
21:15,27,Friday,47,6,2,12,67,Low
21:30,27,Friday,46,1,1,4,52,Low
21:45,27,Friday,26,3,2,3,34,Low
22:00,27,Friday,20,4,0,39,63,Normal
22:15,27,Friday,20,1,1,27,49,Normal
22:30,27,Friday,19,0,1,17,37,Normal
22:45,27,Friday,11,3,1,19,34,Normal
23:00,27,Friday,17,5,1,31,54,Normal
23:15,27,Friday,19,4,0,12,35,Low
23:30,27,Friday,11,1,0,38,50,Normal
23:45,27,Friday,12,0,0,17,29,Normal
00:00,28,Saturday,18,0,0,27,45,Normal
00:15,28,Saturday,19,4,0,14,37,Normal
00:30,28,Saturday,13,2,0,28,43,Normal
00:45,28,Saturday,18,4,1,23,46,Normal
01:00,28,Saturday,20,0,0,11,31,Low
01:15,28,Saturday,11,4,1,22,38,Normal
01:30,28,Saturday,15,2,0,18,35,Normal
01:45,28,Saturday,16,3,0,34,53,Normal
02:00,28,Saturday,11,2,0,18,31,Normal
02:15,28,Saturday,17,4,1,38,60,Normal
02:30,28,Saturday,20,4,1,28,53,Normal
02:45,28,Saturday,19,0,1,37,57,Normal
03:00,28,Saturday,10,2,1,34,47,Normal
03:15,28,Saturday,19,0,0,17,36,Normal
03:30,28,Saturday,15,0,0,30,45,Normal
03:45,28,Saturday,10,2,0,31,43,Normal
04:00,28,Saturday,18,3,0,17,38,Normal
04:15,28,Saturday,97,22,4,18,141,Normal
04:30,28,Saturday,111,12,9,17,149,Normal
04:45,28,Saturday,108,10,5,17,140,Normal
05:00,28,Saturday,74,24,10,20,128,Normal
05:15,28,Saturday,114,4,8,20,146,Normal
05:30,28,Saturday,91,16,5,11,123,Normal
05:45,28,Saturday,66,3,9,19,97,Normal
06:00,28,Saturday,104,32,23,5,164,Normal
06:15,28,Saturday,128,18,31,3,180,High
06:30,28,Saturday,127,24,27,0,178,High
06:45,28,Saturday,130,31,22,0,183,High
07:00,28,Saturday,108,13,38,1,160,High
07:15,28,Saturday,116,22,37,2,177,High
07:30,28,Saturday,143,28,27,4,202,High
07:45,28,Saturday,118,32,21,5,176,High
08:00,28,Saturday,121,35,32,0,188,High
08:15,28,Saturday,109,28,39,2,178,High
08:30,28,Saturday,135,11,23,5,174,High
08:45,28,Saturday,100,30,29,2,161,High
09:00,28,Saturday,138,32,26,4,200,High
09:15,28,Saturday,29,9,21,23,82,Normal
09:30,28,Saturday,36,17,7,30,90,Normal
09:45,28,Saturday,42,9,37,28,116,High
10:00,28,Saturday,80,6,12,6,104,Low
10:15,28,Saturday,37,21,28,6,92,Normal
10:30,28,Saturday,44,17,27,30,118,High
10:45,28,Saturday,25,12,13,5,55,Low
11:00,28,Saturday,36,9,9,30,84,Normal
11:15,28,Saturday,63,7,10,29,109,Normal
11:30,28,Saturday,20,5,13,22,60,Normal
11:45,28,Saturday,53,8,6,23,90,Normal
12:00,28,Saturday,41,7,5,26,79,Normal
12:15,28,Saturday,36,9,13,29,87,Normal
12:30,28,Saturday,65,10,8,22,105,Normal
12:45,28,Saturday,55,6,5,27,93,Normal
13:00,28,Saturday,63,8,15,30,116,High
13:15,28,Saturday,19,26,32,18,95,Normal
13:30,28,Saturday,84,11,11,9,115,Normal
13:45,28,Saturday,110,23,34,9,176,High
14:00,28,Saturday,46,20,18,5,89,Normal
14:15,28,Saturday,67,12,10,20,109,Normal
14:30,28,Saturday,42,25,20,19,106,Normal
14:45,28,Saturday,87,17,18,6,128,Normal
15:00,28,Saturday,45,24,31,11,111,Normal
15:15,28,Saturday,80,26,35,6,147,High
15:30,28,Saturday,83,18,6,15,122,Normal
15:45,28,Saturday,68,19,15,11,113,Normal
16:00,28,Saturday,101,37,48,9,195,High
16:15,28,Saturday,149,32,29,10,220,High
16:30,28,Saturday,136,21,33,9,199,High
16:45,28,Saturday,105,20,23,7,155,Normal
17:00,28,Saturday,125,12,20,8,165,Normal
17:15,28,Saturday,125,14,26,5,170,High
17:30,28,Saturday,118,28,23,8,177,High
17:45,28,Saturday,114,32,45,6,197,High
18:00,28,Saturday,123,37,46,8,214,High
18:15,28,Saturday,115,23,22,7,167,Normal
18:30,28,Saturday,111,25,35,10,181,High
18:45,28,Saturday,66,8,11,9,94,Low
19:00,28,Saturday,103,12,17,23,155,High
19:15,28,Saturday,94,14,14,24,146,High
19:30,28,Saturday,105,23,15,18,161,Normal
19:45,28,Saturday,53,22,14,35,124,High
20:00,28,Saturday,74,10,12,32,128,High
20:15,28,Saturday,71,24,15,26,136,High
20:30,28,Saturday,61,21,15,32,129,High
20:45,28,Saturday,101,25,18,8,152,Normal
21:00,28,Saturday,104,22,10,14,150,Normal
21:15,28,Saturday,79,20,15,18,132,Normal
21:30,28,Saturday,70,20,11,14,115,Normal
21:45,28,Saturday,74,16,14,34,138,High
22:00,28,Saturday,20,5,0,21,46,Normal
22:15,28,Saturday,16,0,0,36,52,Normal
22:30,28,Saturday,14,3,0,20,37,Normal
22:45,28,Saturday,14,1,1,30,46,Normal
23:00,28,Saturday,17,0,1,12,30,Low
23:15,28,Saturday,14,0,0,14,28,Normal
23:30,28,Saturday,18,5,0,40,63,Normal
23:45,28,Saturday,17,2,0,18,37,Normal
00:00,29,Sunday,14,1,1,35,51,Normal
00:15,29,Sunday,14,2,1,26,43,Normal
00:30,29,Sunday,16,0,1,37,54,Normal
00:45,29,Sunday,14,4,1,32,51,Normal
01:00,29,Sunday,19,5,0,12,36,Low
01:15,29,Sunday,11,0,1,31,43,Normal
01:30,29,Sunday,12,0,0,32,44,Normal
01:45,29,Sunday,12,3,0,32,47,Normal
02:00,29,Sunday,18,4,1,31,54,Normal
02:15,29,Sunday,17,4,1,20,42,Normal
02:30,29,Sunday,17,0,0,22,39,Normal
02:45,29,Sunday,19,2,1,12,34,Low
03:00,29,Sunday,18,2,1,19,40,Normal
03:15,29,Sunday,19,5,0,26,50,Normal
03:30,29,Sunday,19,5,1,35,60,Normal
03:45,29,Sunday,18,0,0,20,38,Normal
04:00,29,Sunday,16,0,0,30,46,Normal
04:15,29,Sunday,114,30,9,7,160,Normal
04:30,29,Sunday,102,17,2,14,135,Normal
04:45,29,Sunday,55,4,7,13,79,Normal
05:00,29,Sunday,82,2,4,14,102,Normal
05:15,29,Sunday,66,16,9,19,110,Normal
05:30,29,Sunday,86,5,1,13,105,Normal
05:45,29,Sunday,108,24,2,19,153,Normal
06:00,29,Sunday,112,30,26,0,168,High
06:15,29,Sunday,147,31,46,0,224,High
06:30,29,Sunday,116,20,40,2,178,High
06:45,29,Sunday,138,13,21,5,177,High
07:00,29,Sunday,132,25,40,2,199,High
07:15,29,Sunday,124,14,31,4,173,High
07:30,29,Sunday,106,27,25,1,159,Normal
07:45,29,Sunday,104,24,29,5,162,High
08:00,29,Sunday,140,31,21,4,196,High
08:15,29,Sunday,121,35,37,3,196,High
08:30,29,Sunday,135,23,37,5,200,High
08:45,29,Sunday,149,20,30,5,204,High
09:00,29,Sunday,117,14,39,0,170,High
09:15,29,Sunday,39,8,23,13,83,Normal
09:30,29,Sunday,40,14,18,21,93,Normal
09:45,29,Sunday,49,1,35,18,103,Normal
10:00,29,Sunday,38,12,35,25,110,Normal
10:15,29,Sunday,26,15,25,6,72,Normal
10:30,29,Sunday,93,14,10,25,142,High
10:45,29,Sunday,54,24,37,20,135,High
11:00,29,Sunday,32,6,10,23,71,Normal
11:15,29,Sunday,43,7,12,23,85,Normal
11:30,29,Sunday,23,6,15,20,64,Normal
11:45,29,Sunday,26,5,8,25,64,Normal
12:00,29,Sunday,55,7,8,27,97,Normal
12:15,29,Sunday,70,10,8,25,113,High
12:30,29,Sunday,66,10,3,29,108,Normal
12:45,29,Sunday,66,7,15,26,114,High
13:00,29,Sunday,46,6,7,21,80,Normal
13:15,29,Sunday,47,26,6,20,99,Normal
13:30,29,Sunday,75,20,7,11,113,Normal
13:45,29,Sunday,76,29,15,19,139,Normal
14:00,29,Sunday,56,14,38,12,120,High
14:15,29,Sunday,19,26,36,17,98,Normal
14:30,29,Sunday,29,18,10,9,66,Low
14:45,29,Sunday,15,12,18,15,60,Normal
15:00,29,Sunday,53,27,27,17,124,High
15:15,29,Sunday,95,22,28,9,154,High
15:30,29,Sunday,27,27,32,10,96,Normal
15:45,29,Sunday,68,28,31,15,142,High
16:00,29,Sunday,120,14,25,8,167,Normal
16:15,29,Sunday,144,28,24,8,204,High
16:30,29,Sunday,112,31,43,8,194,High
16:45,29,Sunday,149,28,20,10,207,High
17:00,29,Sunday,131,29,34,8,202,High
17:15,29,Sunday,104,31,41,9,185,High
17:30,29,Sunday,141,30,27,7,205,High
17:45,29,Sunday,117,10,47,9,183,High
18:00,29,Sunday,112,13,37,6,168,High
18:15,29,Sunday,127,40,39,8,214,High
18:30,29,Sunday,131,15,31,6,183,High
18:45,29,Sunday,66,8,10,11,95,Low
19:00,29,Sunday,61,23,18,34,136,High
19:15,29,Sunday,55,25,13,26,119,High
19:30,29,Sunday,85,23,20,6,134,Normal
19:45,29,Sunday,75,20,19,19,133,Normal
20:00,29,Sunday,58,17,20,22,117,High
20:15,29,Sunday,60,23,11,26,120,High
20:30,29,Sunday,80,21,11,7,119,Normal
20:45,29,Sunday,74,9,14,35,132,High
21:00,29,Sunday,57,14,11,16,98,Normal
21:15,29,Sunday,73,9,13,5,100,Low
21:30,29,Sunday,80,25,19,26,150,High
21:45,29,Sunday,82,13,12,21,128,High
22:00,29,Sunday,15,4,0,27,46,Normal
22:15,29,Sunday,20,2,0,29,51,Normal
22:30,29,Sunday,12,2,0,39,53,Normal
22:45,29,Sunday,10,4,1,13,28,Normal
23:00,29,Sunday,16,0,1,29,46,Normal
23:15,29,Sunday,18,0,0,34,52,Normal
23:30,29,Sunday,11,5,1,19,36,Normal
23:45,29,Sunday,16,1,0,12,29,Low
00:00,30,Monday,13,3,1,12,29,Low
00:15,30,Monday,19,2,0,22,43,Normal
00:30,30,Monday,13,3,0,39,55,Normal
00:45,30,Monday,12,0,0,24,36,Normal
01:00,30,Monday,10,3,1,12,26,Low
01:15,30,Monday,11,4,0,38,53,Normal
01:30,30,Monday,18,4,0,31,53,Normal
01:45,30,Monday,19,1,0,34,54,Normal
02:00,30,Monday,18,1,0,27,46,Normal
02:15,30,Monday,13,0,0,26,39,Normal
02:30,30,Monday,12,2,0,35,49,Normal
02:45,30,Monday,15,4,0,12,31,Low
03:00,30,Monday,10,5,0,33,48,Normal
03:15,30,Monday,14,0,0,15,29,Normal
03:30,30,Monday,16,0,0,16,32,Normal
03:45,30,Monday,15,3,1,26,45,Normal
04:00,30,Monday,20,4,0,34,58,Normal
04:15,30,Monday,82,20,10,11,123,Normal
04:30,30,Monday,99,7,3,6,115,Normal
04:45,30,Monday,74,29,9,4,116,Normal
05:00,30,Monday,94,1,1,14,110,Normal
05:15,30,Monday,63,12,10,17,102,Normal
05:30,30,Monday,101,4,3,12,120,Normal
05:45,30,Monday,106,9,3,10,128,Normal
06:00,30,Monday,112,15,24,1,152,Normal
06:15,30,Monday,148,26,25,0,199,High
06:30,30,Monday,115,20,31,3,169,High
06:45,30,Monday,125,11,24,0,160,Normal
07:00,30,Monday,140,38,38,0,216,High
07:15,30,Monday,150,17,35,5,207,High
07:30,30,Monday,149,11,42,2,204,High
07:45,30,Monday,150,22,38,3,213,High
08:00,30,Monday,147,32,25,4,208,High
08:15,30,Monday,138,39,45,4,226,High
08:30,30,Monday,149,16,49,1,215,High
08:45,30,Monday,139,10,50,2,201,High
09:00,30,Monday,109,25,49,2,185,High
09:15,30,Monday,84,24,12,28,148,High
09:30,30,Monday,38,8,6,5,57,Low
09:45,30,Monday,45,16,6,21,88,Normal
10:00,30,Monday,57,4,36,14,111,Normal
10:15,30,Monday,84,12,6,28,130,High
10:30,30,Monday,55,25,33,21,134,High
10:45,30,Monday,14,15,5,21,55,Normal
11:00,30,Monday,26,8,11,20,65,Normal
11:15,30,Monday,60,10,9,27,106,Normal
11:30,30,Monday,34,6,7,25,72,Normal
11:45,30,Monday,22,9,8,26,65,Normal
12:00,30,Monday,59,10,11,30,110,Normal
12:15,30,Monday,48,6,14,28,96,Normal
12:30,30,Monday,46,9,11,23,89,Normal
12:45,30,Monday,37,9,8,20,74,Normal
13:00,30,Monday,67,9,11,21,108,Normal
13:15,30,Monday,32,19,39,9,99,Normal
13:30,30,Monday,63,12,22,5,102,Normal
13:45,30,Monday,32,29,25,11,97,Normal
14:00,30,Monday,83,22,40,20,165,High
14:15,30,Monday,40,14,31,19,104,Normal
14:30,30,Monday,101,22,39,19,181,High
14:45,30,Monday,62,29,31,11,133,High
15:00,30,Monday,20,19,25,8,72,Normal
15:15,30,Monday,42,22,5,9,78,Low
15:30,30,Monday,37,17,12,16,82,Normal
15:45,30,Monday,95,12,20,15,142,Normal
16:00,30,Monday,137,14,41,10,202,High
16:15,30,Monday,122,21,20,10,173,High
16:30,30,Monday,104,19,39,9,171,High
16:45,30,Monday,147,21,40,9,217,High
17:00,30,Monday,105,38,34,7,184,High
17:15,30,Monday,124,23,46,5,198,High
17:30,30,Monday,135,18,20,5,178,High
17:45,30,Monday,107,35,23,8,173,High
18:00,30,Monday,109,21,24,10,164,Normal
18:15,30,Monday,136,32,26,8,202,High
18:30,30,Monday,134,23,49,8,214,High
18:45,30,Monday,90,20,11,25,146,High
19:00,30,Monday,104,5,16,16,141,Normal
19:15,30,Monday,60,21,13,6,100,Low
19:30,30,Monday,104,22,11,13,150,Normal
19:45,30,Monday,54,23,10,25,112,High
20:00,30,Monday,68,6,15,34,123,High
20:15,30,Monday,88,13,19,19,139,Normal
20:30,30,Monday,64,22,16,16,118,Normal
20:45,30,Monday,58,24,14,24,120,High
21:00,30,Monday,67,19,12,9,107,Low
21:15,30,Monday,73,20,18,7,118,Normal
21:30,30,Monday,109,25,16,20,170,High
21:45,30,Monday,63,15,11,23,112,High
22:00,30,Monday,19,4,1,26,50,Normal
22:15,30,Monday,15,1,0,34,50,Normal
22:30,30,Monday,15,5,1,14,35,Normal
22:45,30,Monday,19,3,1,33,56,Normal
23:00,30,Monday,18,4,0,11,33,Low
23:15,30,Monday,14,1,0,27,42,Normal
23:30,30,Monday,19,0,0,37,56,Normal
23:45,30,Monday,19,0,0,29,48,Normal
00:00,31,Tuesday,18,1,0,30,49,Normal
00:15,31,Tuesday,19,3,0,18,40,Normal
00:30,31,Tuesday,15,2,1,34,52,Normal
00:45,31,Tuesday,17,0,1,14,32,Normal
01:00,31,Tuesday,12,0,0,33,45,Normal
01:15,31,Tuesday,20,0,1,20,41,Normal
01:30,31,Tuesday,10,2,0,18,30,Normal
01:45,31,Tuesday,13,3,0,31,47,Normal
02:00,31,Tuesday,10,0,1,38,49,Normal
02:15,31,Tuesday,19,1,1,28,49,Normal
02:30,31,Tuesday,19,4,0,16,39,Normal
02:45,31,Tuesday,16,1,0,15,32,Normal
03:00,31,Tuesday,17,1,0,34,52,Normal
03:15,31,Tuesday,19,1,0,21,41,Normal
03:30,31,Tuesday,10,1,0,39,50,Normal
03:45,31,Tuesday,16,4,0,15,35,Normal
04:00,31,Tuesday,13,0,0,16,29,Normal
04:15,31,Tuesday,98,5,1,17,121,Normal
04:30,31,Tuesday,65,10,3,8,86,Low
04:45,31,Tuesday,98,17,0,20,135,Normal
05:00,31,Tuesday,60,20,5,6,91,Low
05:15,31,Tuesday,110,18,10,11,149,Normal
05:30,31,Tuesday,70,13,4,13,100,Normal
05:45,31,Tuesday,96,12,7,17,132,Normal
06:00,31,Tuesday,129,31,36,1,197,High
06:15,31,Tuesday,146,28,47,3,224,High
06:30,31,Tuesday,137,23,27,0,187,High
06:45,31,Tuesday,131,28,24,0,183,High
07:00,31,Tuesday,134,10,44,0,188,High
07:15,31,Tuesday,109,25,24,0,158,Normal
07:30,31,Tuesday,108,35,22,3,168,High
07:45,31,Tuesday,146,14,37,2,199,High
08:00,31,Tuesday,147,21,41,5,214,High
08:15,31,Tuesday,110,34,35,0,179,High
08:30,31,Tuesday,110,40,50,2,202,High
08:45,31,Tuesday,123,12,22,3,160,Normal
09:00,31,Tuesday,145,25,20,5,195,High
09:15,31,Tuesday,82,15,16,29,142,High
09:30,31,Tuesday,62,2,7,22,93,Normal
09:45,31,Tuesday,92,8,11,21,132,High
10:00,31,Tuesday,35,22,22,18,97,Normal
10:15,31,Tuesday,66,25,13,13,117,Normal
10:30,31,Tuesday,50,2,25,12,89,Normal
10:45,31,Tuesday,50,22,24,7,103,Normal
11:00,31,Tuesday,50,8,5,24,87,Normal
11:15,31,Tuesday,55,5,5,21,86,Normal
11:30,31,Tuesday,51,10,14,24,99,Normal
11:45,31,Tuesday,34,8,14,21,77,Normal
12:00,31,Tuesday,25,7,5,20,57,Normal
12:15,31,Tuesday,59,7,9,21,96,Normal
12:30,31,Tuesday,38,10,9,24,81,Normal
12:45,31,Tuesday,70,10,9,23,112,High
13:00,31,Tuesday,63,8,13,22,106,Normal
13:15,31,Tuesday,6,24,12,13,55,Normal
13:30,31,Tuesday,108,17,16,16,157,Normal
13:45,31,Tuesday,41,20,32,12,105,Normal
14:00,31,Tuesday,54,10,20,9,93,Normal
14:15,31,Tuesday,60,19,14,7,100,Low
14:30,31,Tuesday,102,11,9,11,133,Normal
14:45,31,Tuesday,50,24,30,5,109,Normal
15:00,31,Tuesday,25,24,19,10,78,Normal
15:15,31,Tuesday,90,25,18,20,153,Normal
15:30,31,Tuesday,86,13,27,11,137,High
15:45,31,Tuesday,44,19,17,9,89,Normal
16:00,31,Tuesday,126,24,35,8,193,High
16:15,31,Tuesday,146,26,42,9,223,Normal
16:30,31,Tuesday,117,28,33,10,188,High
16:45,31,Tuesday,144,36,49,10,239,High
17:00,31,Tuesday,137,19,23,9,188,High
17:15,31,Tuesday,118,19,48,5,190,High
17:30,31,Tuesday,119,27,28,8,182,High
17:45,31,Tuesday,149,26,43,5,223,Normal
18:00,31,Tuesday,117,34,36,10,197,High
18:15,31,Tuesday,124,30,44,10,208,High
18:30,31,Tuesday,141,36,48,5,230,High
18:45,31,Tuesday,78,6,11,28,123,High
19:00,31,Tuesday,102,23,16,24,165,High
19:15,31,Tuesday,104,18,18,23,163,High
19:30,31,Tuesday,95,9,19,7,130,Normal
19:45,31,Tuesday,105,13,12,20,150,Normal
20:00,31,Tuesday,100,18,16,34,168,High
20:15,31,Tuesday,80,14,20,15,129,Normal
20:30,31,Tuesday,86,8,19,7,120,Normal
20:45,31,Tuesday,108,20,14,15,157,Normal
21:00,31,Tuesday,69,13,13,8,103,Low
21:15,31,Tuesday,64,14,10,6,94,Low
21:30,31,Tuesday,71,14,17,10,112,Normal
21:45,31,Tuesday,61,9,18,24,112,High
22:00,31,Tuesday,11,4,0,31,46,Normal
22:15,31,Tuesday,17,5,0,14,36,Normal
22:30,31,Tuesday,15,5,0,18,38,Normal
22:45,31,Tuesday,14,2,0,40,56,Normal
23:00,31,Tuesday,12,2,1,28,43,Normal
23:15,31,Tuesday,18,0,1,40,59,Normal
23:30,31,Tuesday,14,5,0,13,32,Normal
23:45,31,Tuesday,18,1,0,26,45,Normal
00:00,1,Wednesday,14,0,0,34,48,Normal
00:15,1,Wednesday,17,5,0,23,45,Normal
00:30,1,Wednesday,19,1,1,18,39,Normal
00:45,1,Wednesday,15,5,1,12,33,Low
01:00,1,Wednesday,13,2,1,26,42,Normal
01:15,1,Wednesday,15,3,0,32,50,Normal
01:30,1,Wednesday,15,0,1,13,29,Normal
01:45,1,Wednesday,18,5,1,12,36,Low
02:00,1,Wednesday,17,1,0,29,47,Normal
02:15,1,Wednesday,10,4,0,19,33,Normal
02:30,1,Wednesday,15,0,0,18,33,Normal
02:45,1,Wednesday,11,0,0,35,46,Normal
03:00,1,Wednesday,20,5,1,34,60,Normal
03:15,1,Wednesday,15,5,1,32,53,Normal
03:30,1,Wednesday,16,4,1,37,58,Normal
03:45,1,Wednesday,14,1,0,12,27,Low
04:00,1,Wednesday,16,4,0,18,38,Normal
04:15,1,Wednesday,56,21,3,0,80,Low
04:30,1,Wednesday,78,11,10,18,117,Normal
04:45,1,Wednesday,82,29,0,20,131,Normal
05:00,1,Wednesday,102,15,2,7,126,Normal
05:15,1,Wednesday,69,14,6,18,107,Normal
05:30,1,Wednesday,87,24,6,19,136,Normal
05:45,1,Wednesday,84,16,10,5,115,Normal
06:00,1,Wednesday,109,38,34,5,186,High
06:15,1,Wednesday,147,38,23,3,211,High
06:30,1,Wednesday,135,19,48,5,207,High
06:45,1,Wednesday,101,23,41,5,170,High
07:00,1,Wednesday,138,21,28,1,188,High
07:15,1,Wednesday,136,20,32,1,189,High
07:30,1,Wednesday,123,19,25,5,172,High
07:45,1,Wednesday,108,30,46,5,189,High
08:00,1,Wednesday,128,15,43,5,191,High
08:15,1,Wednesday,129,37,41,1,208,High
08:30,1,Wednesday,127,18,28,3,176,High
08:45,1,Wednesday,142,37,46,3,228,High
09:00,1,Wednesday,149,26,46,1,222,High
09:15,1,Wednesday,77,13,7,23,120,High
09:30,1,Wednesday,37,16,13,29,95,Normal
09:45,1,Wednesday,79,8,16,12,115,Normal
10:00,1,Wednesday,97,2,16,7,122,Normal
10:15,1,Wednesday,22,8,31,8,69,Normal
10:30,1,Wednesday,31,23,19,12,85,Normal
10:45,1,Wednesday,49,22,16,5,92,Normal
11:00,1,Wednesday,32,5,3,21,61,Normal
11:15,1,Wednesday,40,6,11,28,85,Normal
11:30,1,Wednesday,42,6,10,21,79,Normal
11:45,1,Wednesday,37,9,7,25,78,Normal
12:00,1,Wednesday,45,5,5,24,79,Normal
12:15,1,Wednesday,64,10,4,28,106,Normal
12:30,1,Wednesday,33,8,6,23,70,Normal
12:45,1,Wednesday,34,6,12,27,79,Normal
13:00,1,Wednesday,40,9,5,20,74,Normal
13:15,1,Wednesday,64,19,22,12,117,Normal
13:30,1,Wednesday,108,24,34,7,173,High
13:45,1,Wednesday,108,17,33,7,165,High
14:00,1,Wednesday,50,23,21,11,105,Normal
14:15,1,Wednesday,16,21,10,16,63,Normal
14:30,1,Wednesday,91,22,34,8,155,High
14:45,1,Wednesday,89,19,37,18,163,High
15:00,1,Wednesday,108,12,23,8,151,Normal
15:15,1,Wednesday,73,29,23,7,132,Normal
15:30,1,Wednesday,76,28,39,14,157,High
15:45,1,Wednesday,19,15,20,17,71,Normal
16:00,1,Wednesday,102,37,48,9,196,High
16:15,1,Wednesday,115,36,41,8,200,High
16:30,1,Wednesday,142,23,23,6,194,High
16:45,1,Wednesday,134,15,29,8,186,High
17:00,1,Wednesday,146,18,49,9,222,High
17:15,1,Wednesday,126,24,48,9,207,High
17:30,1,Wednesday,138,18,27,6,189,High
17:45,1,Wednesday,129,13,43,6,191,High
18:00,1,Wednesday,127,35,23,10,195,High
18:15,1,Wednesday,144,20,22,7,193,High
18:30,1,Wednesday,117,19,31,7,174,High
18:45,1,Wednesday,87,10,13,16,126,Normal
19:00,1,Wednesday,87,6,18,30,141,High
19:15,1,Wednesday,97,18,10,24,149,High
19:30,1,Wednesday,71,21,14,12,118,Normal
19:45,1,Wednesday,96,24,18,10,148,Normal
20:00,1,Wednesday,90,7,17,31,145,High
20:15,1,Wednesday,74,6,12,34,126,High
20:30,1,Wednesday,59,7,15,20,101,Normal
20:45,1,Wednesday,87,11,16,28,142,High
21:00,1,Wednesday,62,22,20,20,124,Normal
21:15,1,Wednesday,71,16,14,9,110,Low
21:30,1,Wednesday,98,9,15,18,140,Normal
21:45,1,Wednesday,93,8,10,16,127,Normal
22:00,1,Wednesday,17,4,0,36,57,Normal
22:15,1,Wednesday,16,1,1,29,47,Normal
22:30,1,Wednesday,15,2,0,10,27,Low
22:45,1,Wednesday,10,3,1,23,37,Normal
23:00,1,Wednesday,12,4,0,31,47,Normal
23:15,1,Wednesday,20,1,1,24,46,Normal
23:30,1,Wednesday,11,0,1,23,35,Normal
23:45,1,Wednesday,14,1,1,17,33,Normal
00:00,2,Thursday,12,5,1,38,56,Normal
00:15,2,Thursday,15,4,1,29,49,Normal
00:30,2,Thursday,12,4,0,40,56,Normal
00:45,2,Thursday,11,5,0,22,38,Normal
01:00,2,Thursday,14,5,1,21,41,Normal
01:15,2,Thursday,14,3,0,39,56,Normal
01:30,2,Thursday,10,4,1,11,26,Low
01:45,2,Thursday,11,0,0,16,27,Normal
02:00,2,Thursday,12,3,0,39,54,Normal
02:15,2,Thursday,11,0,1,36,48,Normal
02:30,2,Thursday,16,2,0,35,53,Normal
02:45,2,Thursday,17,3,1,36,57,Normal
03:00,2,Thursday,13,1,1,13,28,Normal
03:15,2,Thursday,14,5,0,19,38,Normal
03:30,2,Thursday,17,5,1,15,38,Normal
03:45,2,Thursday,19,3,0,13,35,Normal
04:00,2,Thursday,19,3,1,12,35,Low
04:15,2,Thursday,54,15,10,8,87,Low
04:30,2,Thursday,107,0,1,2,110,Low
04:45,2,Thursday,116,20,5,14,155,Normal
05:00,2,Thursday,78,2,4,9,93,Low
05:15,2,Thursday,111,22,0,12,145,Normal
05:30,2,Thursday,85,27,7,17,136,Normal
05:45,2,Thursday,95,5,9,20,129,Normal
06:00,2,Thursday,143,33,27,1,204,High
06:15,2,Thursday,133,40,37,0,210,High
06:30,2,Thursday,123,37,34,4,198,High
06:45,2,Thursday,133,34,36,1,204,High
07:00,2,Thursday,101,20,42,4,167,Normal
07:15,2,Thursday,145,10,37,0,192,High
07:30,2,Thursday,141,39,40,5,225,High
07:45,2,Thursday,134,12,22,2,170,High
08:00,2,Thursday,126,10,26,4,166,High
08:15,2,Thursday,136,22,31,0,189,High
08:30,2,Thursday,128,26,42,4,200,High
08:45,2,Thursday,106,12,28,4,150,High
09:00,2,Thursday,140,27,36,2,205,High
09:15,2,Thursday,40,20,37,28,125,High
09:30,2,Thursday,13,25,33,12,83,Normal
09:45,2,Thursday,18,22,26,10,76,Normal
10:00,2,Thursday,59,5,36,12,112,High
10:15,2,Thursday,48,9,30,14,101,Normal
10:30,2,Thursday,77,23,14,20,134,Normal
10:45,2,Thursday,17,13,13,27,70,Normal
11:00,2,Thursday,36,5,14,25,80,Normal
11:15,2,Thursday,60,10,3,28,101,Normal
11:30,2,Thursday,34,5,4,29,72,Normal
11:45,2,Thursday,63,5,6,20,94,Normal
12:00,2,Thursday,48,10,13,23,94,Normal
12:15,2,Thursday,44,5,5,21,75,Normal
12:30,2,Thursday,62,5,14,23,104,Normal
12:45,2,Thursday,38,8,15,27,88,Normal
13:00,2,Thursday,26,6,9,29,70,Normal
13:15,2,Thursday,78,23,16,13,130,Normal
13:30,2,Thursday,116,21,22,17,176,High
13:45,2,Thursday,94,13,11,16,134,Normal
14:00,2,Thursday,52,19,26,10,107,Normal
14:15,2,Thursday,70,13,12,10,105,Low
14:30,2,Thursday,34,17,21,14,86,Normal
14:45,2,Thursday,16,18,40,6,80,Normal
15:00,2,Thursday,24,20,15,17,76,Normal
15:15,2,Thursday,21,15,33,12,81,Normal
15:30,2,Thursday,100,10,18,7,135,Normal
15:45,2,Thursday,117,22,11,5,155,Normal
16:00,2,Thursday,145,30,40,8,223,Normal
16:15,2,Thursday,113,38,45,7,203,High
16:30,2,Thursday,110,31,37,7,185,High
16:45,2,Thursday,126,15,26,6,173,High
17:00,2,Thursday,100,15,29,7,151,High
17:15,2,Thursday,147,28,29,10,214,High
17:30,2,Thursday,146,22,50,10,228,High
17:45,2,Thursday,148,23,27,5,203,High
18:00,2,Thursday,149,17,41,9,216,High
18:15,2,Thursday,136,32,41,7,216,High
18:30,2,Thursday,101,22,33,9,165,High
18:45,2,Thursday,87,18,13,34,152,High
19:00,2,Thursday,50,21,14,9,94,Low
19:15,2,Thursday,63,23,19,34,139,High
19:30,2,Thursday,73,9,11,5,98,Low
19:45,2,Thursday,78,13,20,25,136,High
20:00,2,Thursday,71,22,12,14,119,Normal
20:15,2,Thursday,80,17,11,15,123,Normal
20:30,2,Thursday,62,21,10,35,128,High
20:45,2,Thursday,100,17,16,33,166,High
21:00,2,Thursday,95,15,18,9,137,Normal
21:15,2,Thursday,102,14,15,34,165,High
21:30,2,Thursday,68,12,15,32,127,High
21:45,2,Thursday,74,5,19,5,103,Normal
22:00,2,Thursday,15,4,1,21,41,Normal
22:15,2,Thursday,16,0,1,24,41,Normal
22:30,2,Thursday,12,0,0,12,24,Low
22:45,2,Thursday,12,5,0,23,40,Normal
23:00,2,Thursday,15,2,1,14,32,Normal
23:15,2,Thursday,10,3,0,23,36,Normal
23:30,2,Thursday,16,2,0,35,53,Normal
23:45,2,Thursday,13,3,0,22,38,Normal
00:00,3,Friday,13,0,0,32,45,Normal
00:15,3,Friday,11,1,0,27,39,Normal
00:30,3,Friday,17,1,0,32,50,Normal
00:45,3,Friday,11,2,0,17,30,Normal
01:00,3,Friday,14,1,1,11,27,Low
01:15,3,Friday,17,2,0,33,52,Normal
01:30,3,Friday,15,2,1,38,56,Normal
01:45,3,Friday,13,4,1,24,42,Normal
02:00,3,Friday,11,5,1,11,28,Low
02:15,3,Friday,12,3,0,22,37,Normal
02:30,3,Friday,15,1,0,26,42,Normal
02:45,3,Friday,13,0,1,34,48,Normal
03:00,3,Friday,17,5,0,15,37,Normal
03:15,3,Friday,20,3,1,26,50,Normal
03:30,3,Friday,18,4,0,30,52,Normal
03:45,3,Friday,12,1,1,19,33,Normal
04:00,3,Friday,20,0,0,12,32,Low
04:15,3,Friday,29,10,0,12,51,Low
04:30,3,Friday,39,20,1,10,70,Low
04:45,3,Friday,76,9,7,13,105,Normal
05:00,3,Friday,33,17,0,13,63,Normal
05:15,3,Friday,64,14,1,12,91,Low
05:30,3,Friday,44,7,1,11,63,Low
05:45,3,Friday,53,8,4,15,80,Normal
06:00,3,Friday,75,6,7,13,101,Normal
06:15,3,Friday,60,11,4,10,85,Low
06:30,3,Friday,35,14,2,14,65,Normal
06:45,3,Friday,75,20,6,15,116,Normal
07:00,3,Friday,27,10,2,12,51,Low
07:15,3,Friday,61,20,7,14,102,Normal
07:30,3,Friday,72,20,5,15,112,Normal
07:45,3,Friday,43,18,6,14,81,Normal
08:00,3,Friday,54,10,4,14,82,Normal
08:15,3,Friday,30,12,1,14,57,Normal
08:30,3,Friday,72,8,6,12,98,Low
08:45,3,Friday,55,17,7,15,94,Normal
09:00,3,Friday,36,20,0,13,69,Normal
09:15,3,Friday,168,55,10,0,233,High
09:30,3,Friday,135,61,28,2,226,High
09:45,3,Friday,168,68,27,2,265,High
10:00,3,Friday,139,44,16,1,200,High
10:15,3,Friday,156,63,12,3,234,High
10:30,3,Friday,141,51,27,3,222,High
10:45,3,Friday,144,44,16,3,207,High
11:00,3,Friday,132,65,23,0,220,High
11:15,3,Friday,180,48,17,2,247,High
11:30,3,Friday,140,67,20,4,231,High
11:45,3,Friday,163,62,12,0,237,High
12:00,3,Friday,148,70,15,0,233,High
12:15,3,Friday,134,47,22,3,206,High
12:30,3,Friday,162,51,13,0,226,High
12:45,3,Friday,136,49,15,1,201,High
13:00,3,Friday,147,52,26,0,225,High
13:15,3,Friday,174,54,25,1,254,High
13:30,3,Friday,135,69,20,1,225,High
13:45,3,Friday,142,55,21,1,219,High
14:00,3,Friday,144,59,14,2,219,High
14:15,3,Friday,180,49,17,0,246,High
14:30,3,Friday,153,59,20,4,236,High
14:45,3,Friday,139,43,27,3,212,High
15:00,3,Friday,179,60,12,0,251,High
15:15,3,Friday,76,21,6,1,104,Low
15:30,3,Friday,59,25,19,1,104,Normal
15:45,3,Friday,51,20,12,1,84,Low
16:00,3,Friday,78,24,19,2,123,Normal
16:15,3,Friday,50,24,11,0,85,Low
16:30,3,Friday,59,25,8,0,92,Low
16:45,3,Friday,90,21,0,0,111,Low
17:00,3,Friday,79,26,21,2,128,Normal
17:15,3,Friday,56,21,4,1,82,Low
17:30,3,Friday,70,25,11,2,108,Low
17:45,3,Friday,54,27,21,2,104,Normal
18:00,3,Friday,53,22,13,2,90,Low
18:15,3,Friday,59,27,5,2,93,Low
18:30,3,Friday,63,30,21,0,114,Normal
18:45,3,Friday,87,21,16,0,124,Normal
19:00,3,Friday,71,26,19,1,117,Normal
19:15,3,Friday,32,5,5,13,55,Normal
19:30,3,Friday,36,6,7,2,51,Low
19:45,3,Friday,35,10,0,2,47,Low
20:00,3,Friday,40,10,5,10,65,Low
20:15,3,Friday,44,6,1,3,54,Low
20:30,3,Friday,40,6,1,3,50,Low
20:45,3,Friday,45,2,7,7,61,Low
21:00,3,Friday,44,2,6,5,57,Low
21:15,3,Friday,33,4,4,5,46,Low
21:30,3,Friday,22,5,3,13,43,Normal
21:45,3,Friday,33,5,5,1,44,Low
22:00,3,Friday,10,0,0,29,39,Normal
22:15,3,Friday,19,3,1,35,58,Normal
22:30,3,Friday,10,4,0,30,44,Normal
22:45,3,Friday,12,3,1,25,41,Normal
23:00,3,Friday,12,1,0,40,53,Normal
23:15,3,Friday,20,2,0,19,41,Normal
23:30,3,Friday,18,4,1,11,34,Low
23:45,3,Friday,19,1,1,37,58,Normal
00:00,4,Saturday,13,2,0,25,40,Normal
00:15,4,Saturday,16,4,1,15,36,Normal
00:30,4,Saturday,10,4,1,16,31,Normal
00:45,4,Saturday,18,3,0,19,40,Normal
01:00,4,Saturday,15,5,0,10,30,Low
01:15,4,Saturday,14,2,1,22,39,Normal
01:30,4,Saturday,15,0,0,15,30,Normal
01:45,4,Saturday,17,5,0,21,43,Normal
02:00,4,Saturday,14,0,1,12,27,Low
02:15,4,Saturday,10,1,0,11,22,Low
02:30,4,Saturday,18,5,0,18,41,Normal
02:45,4,Saturday,12,4,0,11,27,Low
03:00,4,Saturday,17,0,1,30,48,Normal
03:15,4,Saturday,20,1,0,28,49,Normal
03:30,4,Saturday,19,5,1,38,63,Normal
03:45,4,Saturday,15,0,0,36,51,Normal
04:00,4,Saturday,10,2,0,30,42,Normal
04:15,4,Saturday,74,4,4,13,95,Normal
04:30,4,Saturday,96,29,6,17,148,Normal
04:45,4,Saturday,109,16,6,12,143,Normal
05:00,4,Saturday,113,6,9,10,138,Normal
05:15,4,Saturday,90,24,8,20,142,Normal
05:30,4,Saturday,106,19,10,17,152,Normal
05:45,4,Saturday,96,7,6,4,113,Normal
06:00,4,Saturday,102,21,42,3,168,High
06:15,4,Saturday,140,35,50,0,225,High
06:30,4,Saturday,105,33,29,4,171,High
06:45,4,Saturday,134,26,27,1,188,High
07:00,4,Saturday,123,35,45,1,204,High
07:15,4,Saturday,128,31,26,0,185,High
07:30,4,Saturday,105,32,43,0,180,High
07:45,4,Saturday,137,13,31,5,186,High
08:00,4,Saturday,148,37,46,2,233,High
08:15,4,Saturday,105,14,35,2,156,High
08:30,4,Saturday,148,17,42,5,212,High
08:45,4,Saturday,116,22,30,3,171,High
09:00,4,Saturday,143,28,46,1,218,High
09:15,4,Saturday,30,24,13,13,80,Normal
09:30,4,Saturday,74,23,35,10,142,High
09:45,4,Saturday,67,5,36,17,125,High
10:00,4,Saturday,59,11,33,25,128,High
10:15,4,Saturday,34,21,39,16,110,Normal
10:30,4,Saturday,72,24,10,9,115,Normal
10:45,4,Saturday,73,12,32,5,122,High
11:00,4,Saturday,26,8,8,24,66,Normal
11:15,4,Saturday,47,5,7,28,87,Normal
11:30,4,Saturday,33,10,6,29,78,Normal
11:45,4,Saturday,39,8,13,20,80,Normal
12:00,4,Saturday,36,5,14,22,77,Normal
12:15,4,Saturday,53,9,15,25,102,Normal
12:30,4,Saturday,37,9,10,30,86,Normal
12:45,4,Saturday,54,8,4,27,93,Normal
13:00,4,Saturday,20,8,15,26,69,Normal
13:15,4,Saturday,47,29,28,9,113,High
13:30,4,Saturday,51,27,10,20,108,Normal
13:45,4,Saturday,114,11,40,20,185,High
14:00,4,Saturday,73,13,19,9,114,Normal
14:15,4,Saturday,28,19,27,5,79,Normal
14:30,4,Saturday,105,20,20,11,156,Normal
14:45,4,Saturday,68,24,15,14,121,Normal
15:00,4,Saturday,112,16,30,11,169,High
15:15,4,Saturday,120,30,28,15,193,High
15:30,4,Saturday,38,27,12,18,95,Normal
15:45,4,Saturday,94,17,14,15,140,Normal
16:00,4,Saturday,107,28,45,8,188,High
16:15,4,Saturday,100,16,49,7,172,High
16:30,4,Saturday,145,15,20,9,189,High
16:45,4,Saturday,133,17,22,8,180,High
17:00,4,Saturday,117,36,41,10,204,High
17:15,4,Saturday,113,26,26,8,173,High
17:30,4,Saturday,101,20,21,9,151,Normal
17:45,4,Saturday,149,33,45,10,237,High
18:00,4,Saturday,134,35,26,7,202,High
18:15,4,Saturday,106,11,45,9,171,High
18:30,4,Saturday,121,37,34,6,198,High
18:45,4,Saturday,97,13,11,15,136,Normal
19:00,4,Saturday,91,17,18,29,155,High
19:15,4,Saturday,57,16,13,19,105,Normal
19:30,4,Saturday,110,10,10,20,150,Normal
19:45,4,Saturday,71,14,17,30,132,High
20:00,4,Saturday,89,25,20,24,158,High
20:15,4,Saturday,87,16,15,14,132,Normal
20:30,4,Saturday,106,12,16,9,143,Normal
20:45,4,Saturday,78,10,19,20,127,Normal
21:00,4,Saturday,61,10,16,27,114,High
21:15,4,Saturday,74,19,15,24,132,High
21:30,4,Saturday,56,20,11,25,112,High
21:45,4,Saturday,106,22,16,18,162,Normal
22:00,4,Saturday,10,1,1,12,24,Low
22:15,4,Saturday,12,4,1,33,50,Normal
22:30,4,Saturday,16,4,0,16,36,Normal
22:45,4,Saturday,18,1,0,18,37,Normal
23:00,4,Saturday,19,2,0,36,57,Normal
23:15,4,Saturday,18,4,1,35,58,Normal
23:30,4,Saturday,17,0,0,31,48,Normal
23:45,4,Saturday,18,1,0,16,35,Normal
00:00,5,Sunday,15,4,0,37,56,Normal
00:15,5,Sunday,11,5,0,14,30,Normal
00:30,5,Sunday,11,5,0,22,38,Normal
00:45,5,Sunday,12,2,1,37,52,Normal
01:00,5,Sunday,18,1,1,34,54,Normal
01:15,5,Sunday,19,1,0,11,31,Low
01:30,5,Sunday,11,4,1,26,42,Normal
01:45,5,Sunday,18,3,0,28,49,Normal
02:00,5,Sunday,12,4,1,37,54,Normal
02:15,5,Sunday,11,1,1,29,42,Normal
02:30,5,Sunday,19,5,1,29,54,Normal
02:45,5,Sunday,18,4,0,11,33,Low
03:00,5,Sunday,16,4,0,29,49,Normal
03:15,5,Sunday,19,4,1,33,57,Normal
03:30,5,Sunday,15,3,1,12,31,Low
03:45,5,Sunday,16,4,1,28,49,Normal
04:00,5,Sunday,11,4,0,20,35,Normal
04:15,5,Sunday,93,4,1,16,114,Normal
04:30,5,Sunday,114,12,7,18,151,Normal
04:45,5,Sunday,56,7,5,20,88,Normal
05:00,5,Sunday,92,23,3,19,137,Normal
05:15,5,Sunday,99,6,6,7,118,Normal
05:30,5,Sunday,108,14,6,9,137,Normal
05:45,5,Sunday,66,20,2,16,104,Normal
06:00,5,Sunday,147,26,44,5,222,High
06:15,5,Sunday,139,27,29,1,196,High
06:30,5,Sunday,119,31,36,5,191,High
06:45,5,Sunday,114,30,21,2,167,Normal
07:00,5,Sunday,103,27,21,4,155,Normal
07:15,5,Sunday,105,17,29,4,155,High
07:30,5,Sunday,124,29,41,1,195,High
07:45,5,Sunday,118,19,34,1,172,High
08:00,5,Sunday,101,37,32,0,170,High
08:15,5,Sunday,109,11,48,1,169,High
08:30,5,Sunday,143,12,23,3,181,High
08:45,5,Sunday,143,40,30,0,213,High
09:00,5,Sunday,128,16,34,0,178,High
09:15,5,Sunday,14,25,14,16,69,Normal
09:30,5,Sunday,99,10,11,15,135,Normal
09:45,5,Sunday,67,1,22,14,104,Normal
10:00,5,Sunday,42,2,29,9,82,Normal
10:15,5,Sunday,92,3,33,21,149,High
10:30,5,Sunday,91,16,28,9,144,High
10:45,5,Sunday,25,9,10,28,72,Normal
11:00,5,Sunday,37,5,12,29,83,Normal
11:15,5,Sunday,55,6,12,29,102,Normal
11:30,5,Sunday,49,8,8,26,91,Normal
11:45,5,Sunday,69,9,3,20,101,Normal
12:00,5,Sunday,38,6,6,24,74,Normal
12:15,5,Sunday,40,8,12,21,81,Normal
12:30,5,Sunday,53,5,3,20,81,Normal
12:45,5,Sunday,21,8,4,28,61,Normal
13:00,5,Sunday,24,7,4,20,55,Normal
13:15,5,Sunday,47,24,24,9,104,Normal
13:30,5,Sunday,90,30,32,8,160,High
13:45,5,Sunday,120,21,22,14,177,High
14:00,5,Sunday,120,12,40,13,185,High
14:15,5,Sunday,66,14,21,7,108,Normal
14:30,5,Sunday,89,24,12,6,131,Normal
14:45,5,Sunday,80,17,16,5,118,Normal
15:00,5,Sunday,114,21,10,9,154,Normal
15:15,5,Sunday,94,20,7,10,131,Normal
15:30,5,Sunday,70,18,28,5,121,High
15:45,5,Sunday,56,17,15,8,96,Low
16:00,5,Sunday,141,15,20,6,182,High
16:15,5,Sunday,150,19,46,7,222,High
16:30,5,Sunday,119,37,22,8,186,High
16:45,5,Sunday,144,14,44,5,207,High
17:00,5,Sunday,110,25,46,6,187,High
17:15,5,Sunday,138,15,31,10,194,High
17:30,5,Sunday,140,35,41,5,221,High
17:45,5,Sunday,103,24,28,8,163,High
18:00,5,Sunday,142,27,30,5,204,High
18:15,5,Sunday,149,13,22,9,193,High
18:30,5,Sunday,126,40,39,8,213,High
18:45,5,Sunday,78,15,14,28,135,High
19:00,5,Sunday,102,15,11,29,157,High
19:15,5,Sunday,96,22,20,12,150,Normal
19:30,5,Sunday,110,24,15,14,163,Normal
19:45,5,Sunday,97,22,17,13,149,Normal
20:00,5,Sunday,53,19,11,18,101,Normal
20:15,5,Sunday,82,8,17,29,136,High
20:30,5,Sunday,91,24,18,29,162,High
20:45,5,Sunday,102,6,14,35,157,High
21:00,5,Sunday,109,6,15,18,148,Normal
21:15,5,Sunday,78,16,13,27,134,High
21:30,5,Sunday,66,12,16,33,127,High
21:45,5,Sunday,100,17,15,22,154,High
22:00,5,Sunday,15,1,1,25,42,Normal
22:15,5,Sunday,16,1,0,33,50,Normal
22:30,5,Sunday,19,4,0,26,49,Normal
22:45,5,Sunday,10,0,1,34,45,Normal
23:00,5,Sunday,14,0,0,28,42,Normal
23:15,5,Sunday,13,2,0,22,37,Normal
23:30,5,Sunday,18,5,1,20,44,Normal
23:45,5,Sunday,18,4,0,18,40,Normal
00:00,6,Monday,11,3,0,26,40,Normal
00:15,6,Monday,13,1,0,24,38,Normal
00:30,6,Monday,19,5,1,15,40,Normal
00:45,6,Monday,11,3,1,28,43,Normal
01:00,6,Monday,11,1,1,40,53,Normal
01:15,6,Monday,18,4,1,28,51,Normal
01:30,6,Monday,15,2,1,16,34,Normal
01:45,6,Monday,20,0,0,27,47,Normal
02:00,6,Monday,14,5,0,17,36,Normal
02:15,6,Monday,11,3,1,10,25,Low
02:30,6,Monday,18,5,0,22,45,Normal
02:45,6,Monday,12,4,0,16,32,Normal
03:00,6,Monday,10,2,0,24,36,Normal
03:15,6,Monday,20,0,1,36,57,Normal
03:30,6,Monday,20,1,0,29,50,Normal
03:45,6,Monday,16,4,0,24,44,Normal
04:00,6,Monday,18,3,0,22,43,Normal
04:15,6,Monday,88,11,10,3,112,Normal
04:30,6,Monday,114,5,9,7,135,Normal
04:45,6,Monday,103,3,9,17,132,Normal
05:00,6,Monday,81,16,7,14,118,Normal
05:15,6,Monday,94,1,9,3,107,Low
05:30,6,Monday,56,11,9,15,91,Normal
05:45,6,Monday,80,16,5,10,111,Low
06:00,6,Monday,138,35,47,4,224,High
06:15,6,Monday,123,27,22,4,176,High
06:30,6,Monday,114,30,36,2,182,High
06:45,6,Monday,122,30,37,2,191,High
07:00,6,Monday,148,10,28,2,188,High
07:15,6,Monday,127,38,48,0,213,High
07:30,6,Monday,113,32,44,1,190,High
07:45,6,Monday,131,26,40,1,198,High
08:00,6,Monday,108,27,44,5,184,High
08:15,6,Monday,109,19,49,3,180,High
08:30,6,Monday,125,15,28,3,171,High
08:45,6,Monday,139,30,35,4,208,High
09:00,6,Monday,103,35,50,2,190,High
09:15,6,Monday,64,13,40,12,129,High
09:30,6,Monday,79,1,10,30,120,High
09:45,6,Monday,50,2,7,14,73,Normal
10:00,6,Monday,84,18,18,28,148,High
10:15,6,Monday,99,16,39,26,180,High
10:30,6,Monday,42,3,27,18,90,Normal
10:45,6,Monday,53,2,29,24,108,Normal
11:00,6,Monday,63,10,8,28,109,Normal
11:15,6,Monday,24,8,3,20,55,Normal
11:30,6,Monday,46,8,6,26,86,Normal
11:45,6,Monday,20,7,8,26,61,Normal
12:00,6,Monday,41,8,7,27,83,Normal
12:15,6,Monday,44,5,3,28,80,Normal
12:30,6,Monday,33,6,14,28,81,Normal
12:45,6,Monday,30,9,7,25,71,Normal
13:00,6,Monday,68,7,5,25,105,Normal
13:15,6,Monday,28,29,26,5,88,Normal
13:30,6,Monday,96,20,14,18,148,Normal
13:45,6,Monday,24,15,26,13,78,Normal
14:00,6,Monday,70,21,32,18,141,High
14:15,6,Monday,49,21,11,20,101,Normal
14:30,6,Monday,51,22,12,16,101,Normal
14:45,6,Monday,84,12,15,15,126,Normal
15:00,6,Monday,99,18,7,20,144,Normal
15:15,6,Monday,106,10,9,8,133,Normal
15:30,6,Monday,6,11,34,20,71,Normal
15:45,6,Monday,59,29,15,16,119,Normal
16:00,6,Monday,139,25,41,5,210,High
16:15,6,Monday,109,12,49,6,176,High
16:30,6,Monday,124,24,47,9,204,High
16:45,6,Monday,135,29,39,7,210,High
17:00,6,Monday,137,15,37,7,196,High
17:15,6,Monday,119,28,46,9,202,High
17:30,6,Monday,127,21,28,5,181,High
17:45,6,Monday,109,37,44,9,199,High
18:00,6,Monday,145,27,35,7,214,High
18:15,6,Monday,133,36,28,6,203,High
18:30,6,Monday,138,19,36,5,198,High
18:45,6,Monday,73,5,20,10,108,Normal
19:00,6,Monday,83,11,14,33,141,High
19:15,6,Monday,89,8,10,19,126,Normal
19:30,6,Monday,99,19,18,24,160,High
19:45,6,Monday,54,17,14,8,93,Low
20:00,6,Monday,58,18,14,6,96,Low
20:15,6,Monday,56,16,12,9,93,Low
20:30,6,Monday,77,6,20,5,108,Normal
20:45,6,Monday,85,6,18,17,126,Normal
21:00,6,Monday,105,14,13,32,164,High
21:15,6,Monday,96,21,11,24,152,High
21:30,6,Monday,66,22,17,16,121,Normal
21:45,6,Monday,88,15,19,14,136,Normal
22:00,6,Monday,16,1,1,24,42,Normal
22:15,6,Monday,13,1,0,11,25,Low
22:30,6,Monday,13,5,1,23,42,Normal
22:45,6,Monday,19,5,0,37,61,Normal
23:00,6,Monday,19,1,0,31,51,Normal
23:15,6,Monday,11,5,0,19,35,Normal
23:30,6,Monday,18,3,0,32,53,Normal
23:45,6,Monday,17,1,1,38,57,Normal
00:00,7,Tuesday,17,3,0,20,40,Normal
00:15,7,Tuesday,18,4,1,19,42,Normal
00:30,7,Tuesday,19,3,0,24,46,Normal
00:45,7,Tuesday,16,3,0,15,34,Normal
01:00,7,Tuesday,12,5,1,21,39,Normal
01:15,7,Tuesday,17,3,0,36,56,Normal
01:30,7,Tuesday,19,4,1,21,45,Normal
01:45,7,Tuesday,13,5,0,20,38,Normal
02:00,7,Tuesday,14,0,1,37,52,Normal
02:15,7,Tuesday,14,5,0,39,58,Normal
02:30,7,Tuesday,13,1,0,19,33,Normal
02:45,7,Tuesday,18,5,1,25,49,Normal
03:00,7,Tuesday,15,1,1,15,32,Normal
03:15,7,Tuesday,19,2,0,30,51,Normal
03:30,7,Tuesday,18,2,1,27,48,Normal
03:45,7,Tuesday,13,1,0,38,52,Normal
04:00,7,Tuesday,19,2,0,32,53,Normal
04:15,7,Tuesday,116,0,1,9,126,Normal
04:30,7,Tuesday,60,12,8,15,95,Normal
04:45,7,Tuesday,82,15,0,19,116,Normal
05:00,7,Tuesday,67,23,7,3,100,Low
05:15,7,Tuesday,59,27,10,18,114,Normal
05:30,7,Tuesday,66,6,9,5,86,Low
05:45,7,Tuesday,120,10,3,16,149,Normal
06:00,7,Tuesday,121,22,30,0,173,High
06:15,7,Tuesday,130,27,39,5,201,High
06:30,7,Tuesday,139,31,44,3,217,High
06:45,7,Tuesday,129,14,43,5,191,High
07:00,7,Tuesday,131,28,43,5,207,High
07:15,7,Tuesday,119,39,24,1,183,High
07:30,7,Tuesday,142,25,34,5,206,High
07:45,7,Tuesday,123,22,22,3,170,High
08:00,7,Tuesday,106,19,38,4,167,Normal
08:15,7,Tuesday,115,39,20,2,176,High
08:30,7,Tuesday,111,17,32,1,161,High
08:45,7,Tuesday,144,26,50,3,223,Normal
09:00,7,Tuesday,126,31,48,2,207,High
09:15,7,Tuesday,73,22,21,29,145,High
09:30,7,Tuesday,28,7,25,18,78,Normal
09:45,7,Tuesday,31,10,40,9,90,Normal
10:00,7,Tuesday,51,14,33,14,112,High
10:15,7,Tuesday,22,7,39,23,91,Normal
10:30,7,Tuesday,46,5,11,21,83,Normal
10:45,7,Tuesday,72,22,21,27,142,High
11:00,7,Tuesday,70,5,5,29,109,Normal
11:15,7,Tuesday,28,9,9,24,70,Normal
11:30,7,Tuesday,44,5,11,23,83,Normal
11:45,7,Tuesday,27,6,13,30,76,Normal
12:00,7,Tuesday,20,6,6,23,55,Normal
12:15,7,Tuesday,29,7,3,28,67,Normal
12:30,7,Tuesday,20,6,5,27,58,Normal
12:45,7,Tuesday,65,9,15,22,111,Normal
13:00,7,Tuesday,36,5,6,20,67,Normal
13:15,7,Tuesday,99,21,21,6,147,Normal
13:30,7,Tuesday,101,21,34,18,174,High
13:45,7,Tuesday,98,29,34,12,173,High
14:00,7,Tuesday,113,20,7,13,153,Normal
14:15,7,Tuesday,75,24,27,7,133,High
14:30,7,Tuesday,71,21,38,11,141,High
14:45,7,Tuesday,119,13,32,7,171,High
15:00,7,Tuesday,114,11,39,13,177,High
15:15,7,Tuesday,99,26,8,11,144,Normal
15:30,7,Tuesday,39,12,21,9,81,Normal
15:45,7,Tuesday,114,26,16,20,176,High
16:00,7,Tuesday,120,32,39,9,200,High
16:15,7,Tuesday,143,24,35,6,208,High
16:30,7,Tuesday,121,28,21,5,175,High
16:45,7,Tuesday,134,23,28,10,195,High
17:00,7,Tuesday,103,13,37,10,163,High
17:15,7,Tuesday,122,12,48,10,192,High
17:30,7,Tuesday,145,39,23,6,213,High
17:45,7,Tuesday,105,13,48,10,176,High
18:00,7,Tuesday,144,13,40,10,207,High
18:15,7,Tuesday,103,18,40,5,166,High
18:30,7,Tuesday,120,15,34,8,177,High
18:45,7,Tuesday,56,19,16,13,104,Normal
19:00,7,Tuesday,56,5,17,14,92,Normal
19:15,7,Tuesday,108,15,13,5,141,Normal
19:30,7,Tuesday,58,23,14,34,129,High
19:45,7,Tuesday,58,13,11,33,115,High
20:00,7,Tuesday,76,24,14,15,129,Normal
20:15,7,Tuesday,69,8,13,28,118,High
20:30,7,Tuesday,54,9,12,10,85,Low
20:45,7,Tuesday,89,7,10,10,116,Normal
21:00,7,Tuesday,110,18,18,10,156,Normal
21:15,7,Tuesday,86,12,17,18,133,Normal
21:30,7,Tuesday,82,7,16,9,114,Normal
21:45,7,Tuesday,102,5,19,11,137,Normal
22:00,7,Tuesday,16,5,0,21,42,Normal
22:15,7,Tuesday,11,3,1,39,54,Normal
22:30,7,Tuesday,18,5,0,11,34,Low
22:45,7,Tuesday,12,0,1,32,45,Normal
23:00,7,Tuesday,15,4,1,39,59,Normal
23:15,7,Tuesday,15,4,0,26,45,Normal
23:30,7,Tuesday,13,1,0,30,44,Normal
23:45,7,Tuesday,12,3,0,28,43,Normal
00:00,8,Wednesday,17,2,1,20,40,Normal
00:15,8,Wednesday,14,5,1,33,53,Normal
00:30,8,Wednesday,16,3,1,11,31,Low
00:45,8,Wednesday,18,2,1,13,34,Normal
01:00,8,Wednesday,12,2,1,17,32,Normal
01:15,8,Wednesday,17,4,1,15,37,Normal
01:30,8,Wednesday,18,1,1,25,45,Normal
01:45,8,Wednesday,20,1,1,10,32,Low
02:00,8,Wednesday,15,1,0,21,37,Normal
02:15,8,Wednesday,11,3,1,34,49,Normal
02:30,8,Wednesday,19,0,1,13,33,Normal
02:45,8,Wednesday,10,3,0,14,27,Normal
03:00,8,Wednesday,17,5,1,17,40,Normal
03:15,8,Wednesday,16,1,0,11,28,Low
03:30,8,Wednesday,11,0,1,33,45,Normal
03:45,8,Wednesday,10,5,0,39,54,Normal
04:00,8,Wednesday,12,3,0,32,47,Normal
04:15,8,Wednesday,106,16,10,10,142,Normal
04:30,8,Wednesday,69,18,0,12,99,Low
04:45,8,Wednesday,103,26,6,12,147,Normal
05:00,8,Wednesday,99,25,6,6,136,Normal
05:15,8,Wednesday,85,9,4,11,109,Low
05:30,8,Wednesday,109,0,3,8,120,Normal
05:45,8,Wednesday,106,27,1,6,140,Normal
06:00,8,Wednesday,133,28,31,3,195,High
06:15,8,Wednesday,108,39,34,5,186,High
06:30,8,Wednesday,101,12,48,1,162,High
06:45,8,Wednesday,145,11,29,1,186,High
07:00,8,Wednesday,112,33,29,3,177,High
07:15,8,Wednesday,111,18,32,4,165,High
07:30,8,Wednesday,133,39,44,2,218,High
07:45,8,Wednesday,115,34,37,5,191,High
08:00,8,Wednesday,135,35,38,3,211,High
08:15,8,Wednesday,142,40,28,3,213,High
08:30,8,Wednesday,124,11,27,2,164,High
08:45,8,Wednesday,122,29,31,5,187,High
09:00,8,Wednesday,101,19,23,5,148,Normal
09:15,8,Wednesday,72,5,15,20,112,Normal
09:30,8,Wednesday,100,13,23,9,145,Normal
09:45,8,Wednesday,32,10,33,8,83,Normal
10:00,8,Wednesday,42,25,37,12,116,High
10:15,8,Wednesday,81,25,40,20,166,High
10:30,8,Wednesday,56,18,9,23,106,Normal
10:45,8,Wednesday,84,9,31,17,141,High
11:00,8,Wednesday,36,9,8,28,81,Normal
11:15,8,Wednesday,32,5,11,27,75,Normal
11:30,8,Wednesday,26,7,15,27,75,Normal
11:45,8,Wednesday,34,5,5,22,66,Normal
12:00,8,Wednesday,66,9,6,30,111,Normal
12:15,8,Wednesday,69,10,4,24,107,Normal
12:30,8,Wednesday,44,7,9,20,80,Normal
12:45,8,Wednesday,58,10,5,27,100,Normal
13:00,8,Wednesday,27,6,14,30,77,Normal
13:15,8,Wednesday,19,21,25,15,80,Normal
13:30,8,Wednesday,39,15,30,8,92,Normal
13:45,8,Wednesday,109,21,10,12,152,Normal
14:00,8,Wednesday,93,10,9,15,127,Normal
14:15,8,Wednesday,73,16,12,11,112,Normal
14:30,8,Wednesday,111,18,29,16,174,High
14:45,8,Wednesday,37,20,10,19,86,Normal
15:00,8,Wednesday,74,23,13,20,130,Normal
15:15,8,Wednesday,32,28,35,6,101,Normal
15:30,8,Wednesday,34,23,19,17,93,Normal
15:45,8,Wednesday,59,25,9,20,113,Normal
16:00,8,Wednesday,145,12,24,8,189,High
16:15,8,Wednesday,118,17,28,8,171,High
16:30,8,Wednesday,145,20,47,8,220,High
16:45,8,Wednesday,140,25,46,10,221,High
17:00,8,Wednesday,120,35,43,7,205,High
17:15,8,Wednesday,126,24,31,7,188,High
17:30,8,Wednesday,106,22,43,5,176,High
17:45,8,Wednesday,137,40,28,9,214,High
18:00,8,Wednesday,108,40,25,6,179,High
18:15,8,Wednesday,135,15,50,6,206,High
18:30,8,Wednesday,121,21,49,8,199,High
18:45,8,Wednesday,59,6,20,6,91,Normal
19:00,8,Wednesday,59,13,18,27,117,High
19:15,8,Wednesday,103,7,15,15,140,Normal
19:30,8,Wednesday,56,14,14,31,115,High
19:45,8,Wednesday,106,23,12,9,150,Normal
20:00,8,Wednesday,109,5,16,17,147,Normal
20:15,8,Wednesday,110,5,20,11,146,Normal
20:30,8,Wednesday,86,15,15,23,139,High
20:45,8,Wednesday,91,18,19,26,154,High
21:00,8,Wednesday,99,19,15,28,161,High
21:15,8,Wednesday,93,14,20,17,144,Normal
21:30,8,Wednesday,89,25,13,23,150,High
21:45,8,Wednesday,107,15,12,24,158,High
22:00,8,Wednesday,16,5,0,14,35,Normal
22:15,8,Wednesday,14,5,1,20,40,Normal
22:30,8,Wednesday,18,3,0,24,45,Normal
22:45,8,Wednesday,12,3,0,40,55,Normal
23:00,8,Wednesday,14,4,1,27,46,Normal
23:15,8,Wednesday,18,5,1,15,39,Normal
23:30,8,Wednesday,10,4,1,23,38,Normal
23:45,8,Wednesday,10,5,0,14,29,Normal
00:00,9,Thursday,14,3,0,28,45,Normal
00:15,9,Thursday,10,2,0,38,50,Normal
00:30,9,Thursday,19,0,0,32,51,Normal
00:45,9,Thursday,20,3,0,19,42,Normal
01:00,9,Thursday,18,3,0,14,35,Normal
01:15,9,Thursday,11,2,0,12,25,Low
01:30,9,Thursday,17,1,1,13,32,Normal
01:45,9,Thursday,10,0,1,36,47,Normal
02:00,9,Thursday,17,0,0,32,49,Normal
02:15,9,Thursday,20,5,1,22,48,Normal
02:30,9,Thursday,12,3,0,17,32,Normal
02:45,9,Thursday,13,0,0,31,44,Normal
03:00,9,Thursday,11,1,1,35,48,Normal
03:15,9,Thursday,18,2,0,19,39,Normal
03:30,9,Thursday,15,0,1,24,40,Normal
03:45,9,Thursday,14,3,0,25,42,Normal
04:00,9,Thursday,12,0,1,16,29,Normal
04:15,9,Thursday,85,24,5,5,119,Normal
04:30,9,Thursday,71,22,5,2,100,Low
04:45,9,Thursday,108,4,5,3,120,Normal
05:00,9,Thursday,63,29,5,15,112,Normal
05:15,9,Thursday,62,12,3,18,95,Normal
05:30,9,Thursday,118,15,3,11,147,Normal
05:45,9,Thursday,90,21,2,14,127,Normal
06:00,9,Thursday,141,30,31,1,203,High
06:15,9,Thursday,126,31,33,2,192,High
06:30,9,Thursday,112,26,30,4,172,High
06:45,9,Thursday,112,12,38,4,166,High
07:00,9,Thursday,144,14,33,4,195,High
07:15,9,Thursday,127,13,36,1,177,High
07:30,9,Thursday,146,10,44,5,205,High
07:45,9,Thursday,146,22,26,4,198,High
08:00,9,Thursday,101,10,48,5,164,High
08:15,9,Thursday,104,19,24,4,151,Normal
08:30,9,Thursday,150,20,43,0,213,High
08:45,9,Thursday,110,35,45,2,192,High
09:00,9,Thursday,139,15,28,2,184,High
09:15,9,Thursday,99,17,32,7,155,High
09:30,9,Thursday,22,15,7,19,63,Normal
09:45,9,Thursday,11,12,21,24,68,Normal
10:00,9,Thursday,47,20,18,16,101,Normal
10:15,9,Thursday,54,1,35,26,116,High
10:30,9,Thursday,26,16,13,16,71,Normal
10:45,9,Thursday,99,18,39,19,175,High
11:00,9,Thursday,31,9,11,28,79,Normal
11:15,9,Thursday,24,8,13,23,68,Normal
11:30,9,Thursday,21,7,9,20,57,Normal
11:45,9,Thursday,60,10,5,25,100,Normal
12:00,9,Thursday,29,9,12,21,71,Normal
12:15,9,Thursday,37,7,14,28,86,Normal
12:30,9,Thursday,53,7,11,22,93,Normal
12:45,9,Thursday,35,5,15,25,80,Normal
13:00,9,Thursday,53,6,10,28,97,Normal
13:15,9,Thursday,114,18,17,8,157,Normal
13:30,9,Thursday,95,28,22,9,154,Normal
13:45,9,Thursday,62,23,38,19,142,High
14:00,9,Thursday,70,28,12,12,122,Normal
14:15,9,Thursday,35,20,10,8,73,Low
14:30,9,Thursday,60,23,10,20,113,Normal
14:45,9,Thursday,40,22,25,9,96,Normal
15:00,9,Thursday,53,21,6,11,91,Low
15:15,9,Thursday,99,16,38,7,160,High
15:30,9,Thursday,86,21,31,18,156,High
15:45,9,Thursday,79,28,35,13,155,High
16:00,9,Thursday,146,25,33,8,212,High
16:15,9,Thursday,116,24,36,6,182,High
16:30,9,Thursday,107,14,44,5,170,High
16:45,9,Thursday,115,20,27,9,171,High
17:00,9,Thursday,113,23,43,6,185,High
17:15,9,Thursday,102,20,31,5,158,High
17:30,9,Thursday,138,27,21,7,193,High
17:45,9,Thursday,146,13,38,9,206,High
18:00,9,Thursday,139,33,41,7,220,High
18:15,9,Thursday,130,24,48,9,211,High
18:30,9,Thursday,135,31,34,8,208,High
18:45,9,Thursday,106,22,16,20,164,Normal
19:00,9,Thursday,109,23,14,26,172,High
19:15,9,Thursday,108,24,19,10,161,Normal
19:30,9,Thursday,50,16,16,11,93,Normal
19:45,9,Thursday,102,22,17,10,151,Normal
20:00,9,Thursday,72,25,10,27,134,High
20:15,9,Thursday,91,13,18,13,135,Normal
20:30,9,Thursday,67,19,11,8,105,Low
20:45,9,Thursday,61,14,10,5,90,Low
21:00,9,Thursday,107,13,14,28,162,High
21:15,9,Thursday,91,5,12,34,142,High
21:30,9,Thursday,106,18,13,27,164,High
21:45,9,Thursday,107,14,10,18,149,Normal
22:00,9,Thursday,17,4,1,20,42,Normal
22:15,9,Thursday,11,4,1,30,46,Normal
22:30,9,Thursday,11,4,0,23,38,Normal
22:45,9,Thursday,16,3,1,36,56,Normal
23:00,9,Thursday,11,0,1,30,42,Normal
23:15,9,Thursday,15,4,1,25,45,Normal
23:30,9,Thursday,16,5,0,27,48,Normal
23:45,9,Thursday,14,3,1,15,33,Normal
00:00,10,Friday,109,12,25,8,154,Low
00:15,10,Friday,167,152,13,47,379,Low
00:30,10,Friday,117,175,9,45,346,Normal
00:45,10,Friday,123,82,16,0,221,Normal
01:00,10,Friday,137,166,28,50,381,Normal
01:15,10,Friday,58,44,16,45,163,Low
01:30,10,Friday,62,90,15,17,184,Low
01:45,10,Friday,80,140,9,42,271,High
02:00,10,Friday,293,73,6,2,374,High
02:15,10,Friday,41,60,3,41,145,Low
02:30,10,Friday,42,21,10,4,77,Normal
02:45,10,Friday,249,78,28,21,376,Normal
03:00,10,Friday,27,14,29,30,100,Low
03:15,10,Friday,103,179,1,49,332,High
03:30,10,Friday,121,81,17,15,234,Normal
03:45,10,Friday,276,188,15,7,486,Normal
04:00,10,Friday,300,17,25,6,348,High
04:15,10,Friday,98,38,11,45,192,Low
04:30,10,Friday,159,31,12,13,215,Normal
04:45,10,Friday,135,159,9,36,339,High
05:00,10,Friday,86,28,11,37,162,Low
05:15,10,Friday,132,119,27,43,321,Normal
05:30,10,Friday,136,32,19,6,193,Normal
05:45,10,Friday,299,24,20,3,346,Low
06:00,10,Friday,282,49,4,34,369,Low
06:15,10,Friday,182,173,4,18,377,High
06:30,10,Friday,203,102,15,10,330,High
06:45,10,Friday,164,55,16,11,246,Low
07:00,10,Friday,79,159,14,7,259,Normal
07:15,10,Friday,247,139,28,26,440,Normal
07:30,10,Friday,29,100,15,32,176,Normal
07:45,10,Friday,71,14,0,9,94,High
08:00,10,Friday,268,35,8,37,348,Normal
08:15,10,Friday,174,70,1,17,262,Normal
08:30,10,Friday,71,128,24,17,240,Normal
08:45,10,Friday,197,17,25,18,257,Low
09:00,10,Friday,176,41,15,26,258,High
09:15,10,Friday,212,192,17,40,461,Low
09:30,10,Friday,159,100,26,31,316,Normal
09:45,10,Friday,77,52,8,28,165,High
10:00,10,Friday,202,141,14,14,371,Normal
10:15,10,Friday,182,142,12,39,375,High
10:30,10,Friday,76,113,6,6,201,High
10:45,10,Friday,75,27,3,3,108,Low
11:00,10,Friday,211,137,7,40,395,Normal
11:15,10,Friday,280,136,0,18,434,Low
11:30,10,Friday,125,62,25,24,236,Normal
11:45,10,Friday,226,32,20,30,308,Low
12:00,10,Friday,61,186,18,6,271,High
12:15,10,Friday,241,89,17,45,392,Low
12:30,10,Friday,183,60,23,37,303,High
12:45,10,Friday,109,24,18,38,189,Low
13:00,10,Friday,136,156,10,23,325,High
13:15,10,Friday,98,124,19,10,251,High
13:30,10,Friday,40,32,23,48,143,Low
13:45,10,Friday,205,50,12,3,270,Low
14:00,10,Friday,215,79,0,40,334,Normal
14:15,10,Friday,250,86,20,40,396,High
14:30,10,Friday,241,142,21,7,411,Normal
14:45,10,Friday,44,30,10,34,118,High
15:00,10,Friday,176,81,27,3,287,Low
15:15,10,Friday,153,47,10,49,259,Low
15:30,10,Friday,250,144,7,33,434,High
15:45,10,Friday,234,85,9,5,333,Normal
16:00,10,Friday,272,24,19,18,333,Low
16:15,10,Friday,242,98,10,0,350,Normal
16:30,10,Friday,170,59,20,16,265,Normal
16:45,10,Friday,195,163,19,23,400,High
17:00,10,Friday,243,96,7,3,349,High
17:15,10,Friday,39,188,8,25,260,High
17:30,10,Friday,127,107,21,20,275,Normal
17:45,10,Friday,164,194,12,32,402,Normal
18:00,10,Friday,115,128,15,50,308,High
18:15,10,Friday,160,154,2,20,336,High
18:30,10,Friday,138,36,2,14,190,Normal
18:45,10,Friday,129,146,24,23,322,Normal
19:00,10,Friday,292,139,5,8,444,High
19:15,10,Friday,154,68,10,47,279,High
19:30,10,Friday,165,80,4,4,253,Normal
19:45,10,Friday,238,84,0,15,337,Low
20:00,10,Friday,195,35,12,13,255,Normal
20:15,10,Friday,30,122,6,22,180,High
20:30,10,Friday,75,65,30,26,196,Low
20:45,10,Friday,88,195,1,4,288,Normal
21:00,10,Friday,105,67,3,45,220,Normal
21:15,10,Friday,256,125,22,29,432,Normal
21:30,10,Friday,211,38,13,29,291,Normal
21:45,10,Friday,164,43,8,22,237,High
22:00,10,Friday,108,42,8,30,188,High
22:15,10,Friday,141,162,19,28,350,High
22:30,10,Friday,58,42,0,38,138,Low
22:45,10,Friday,209,69,24,12,314,Low
23:00,10,Friday,247,97,18,1,363,Low
23:15,10,Friday,179,125,17,9,330,Low
23:30,10,Friday,77,166,30,27,300,Normal
23:45,10,Friday,76,133,0,48,257,Normal
00:00,11,Saturday,24,187,5,1,217,High
00:15,11,Saturday,293,97,24,13,427,Normal
00:30,11,Saturday,255,68,27,28,378,Low
00:45,11,Saturday,43,133,21,8,205,Normal
01:00,11,Saturday,102,171,14,34,321,High
01:15,11,Saturday,215,132,0,37,384,High
01:30,11,Saturday,297,56,2,11,366,Normal
01:45,11,Saturday,143,79,15,15,252,High
02:00,11,Saturday,136,72,3,47,258,Normal
02:15,11,Saturday,180,152,0,3,335,High
02:30,11,Saturday,53,200,16,24,293,High
02:45,11,Saturday,68,152,18,10,248,Low
03:00,11,Saturday,93,61,0,23,177,High
03:15,11,Saturday,97,166,0,37,300,Normal
03:30,11,Saturday,158,116,20,7,301,High
03:45,11,Saturday,215,187,23,32,457,Low
04:00,11,Saturday,180,182,27,26,415,Low
04:15,11,Saturday,266,115,0,0,381,Low
04:30,11,Saturday,274,144,25,40,483,High
04:45,11,Saturday,36,102,27,14,179,Normal
05:00,11,Saturday,182,91,20,23,316,Low
05:15,11,Saturday,99,79,18,2,198,Normal
05:30,11,Saturday,75,41,2,12,130,Normal
05:45,11,Saturday,24,188,11,0,223,Low
06:00,11,Saturday,197,81,6,33,317,Normal
06:15,11,Saturday,194,53,13,36,296,Normal
06:30,11,Saturday,81,197,2,3,283,Low
06:45,11,Saturday,85,194,8,38,325,Low
07:00,11,Saturday,196,112,8,42,358,Normal
07:15,11,Saturday,216,31,12,41,300,Low
07:30,11,Saturday,279,53,27,8,367,Normal
07:45,11,Saturday,107,108,7,30,252,High
08:00,11,Saturday,221,197,3,0,421,Normal
08:15,11,Saturday,91,77,13,31,212,Low
08:30,11,Saturday,141,53,29,12,235,High
08:45,11,Saturday,193,95,8,26,322,Low
09:00,11,Saturday,211,128,27,38,404,Low
09:15,11,Saturday,43,149,19,26,237,High
09:30,11,Saturday,253,178,4,15,450,Normal
09:45,11,Saturday,80,35,21,35,171,Low
10:00,11,Saturday,134,145,29,6,314,High
10:15,11,Saturday,228,100,18,9,355,Normal
10:30,11,Saturday,194,65,9,31,299,High
10:45,11,Saturday,25,38,23,32,118,Low
11:00,11,Saturday,214,118,17,5,354,Low
11:15,11,Saturday,276,149,1,42,468,Normal
11:30,11,Saturday,186,45,22,2,255,Normal
11:45,11,Saturday,104,35,22,26,187,Normal
12:00,11,Saturday,129,100,2,23,254,High
12:15,11,Saturday,75,96,13,11,195,Low
12:30,11,Saturday,42,179,17,0,238,Low
12:45,11,Saturday,83,87,17,46,233,Low
13:00,11,Saturday,170,66,15,34,285,Low
13:15,11,Saturday,133,178,4,8,323,Low
13:30,11,Saturday,87,141,15,39,282,High
13:45,11,Saturday,128,125,28,18,299,Low
14:00,11,Saturday,50,97,15,6,168,Normal
14:15,11,Saturday,148,62,9,8,227,Normal
14:30,11,Saturday,133,12,14,11,170,Low
14:45,11,Saturday,152,192,18,9,371,Low
15:00,11,Saturday,76,182,0,48,306,High
15:15,11,Saturday,175,161,24,26,386,Normal
15:30,11,Saturday,267,182,20,39,508,High
15:45,11,Saturday,94,95,28,11,228,Normal
16:00,11,Saturday,80,14,7,22,123,Low
16:15,11,Saturday,134,169,7,12,322,High
16:30,11,Saturday,103,188,29,11,331,High
16:45,11,Saturday,197,58,7,48,310,Low
17:00,11,Saturday,238,25,15,37,315,High
17:15,11,Saturday,267,30,24,1,322,Low
17:30,11,Saturday,273,133,20,37,463,Normal
17:45,11,Saturday,159,133,27,39,358,Low
18:00,11,Saturday,226,62,22,14,324,Normal
18:15,11,Saturday,48,184,1,23,256,High
18:30,11,Saturday,238,175,22,36,471,Normal
18:45,11,Saturday,24,58,28,27,137,Low
19:00,11,Saturday,79,134,16,11,240,Low
19:15,11,Saturday,195,59,17,43,314,Low
19:30,11,Saturday,196,89,18,16,319,Normal
19:45,11,Saturday,32,175,21,15,243,High
20:00,11,Saturday,246,196,26,23,491,Normal
20:15,11,Saturday,245,52,11,43,351,High
20:30,11,Saturday,140,176,6,8,330,Low
20:45,11,Saturday,88,154,30,13,285,Normal
21:00,11,Saturday,30,149,28,39,246,High
21:15,11,Saturday,265,116,23,13,417,High
21:30,11,Saturday,103,71,0,1,175,Normal
21:45,11,Saturday,127,32,24,1,184,High
22:00,11,Saturday,98,199,8,29,334,High
22:15,11,Saturday,242,159,24,7,432,Normal
22:30,11,Saturday,33,134,30,48,245,Normal
22:45,11,Saturday,167,12,22,39,240,Low
23:00,11,Saturday,181,144,9,41,375,Low
23:15,11,Saturday,56,42,1,1,100,Normal
23:30,11,Saturday,103,141,5,13,262,Normal
23:45,11,Saturday,46,151,10,13,220,Low
00:00,12,Sunday,172,118,8,20,318,Normal
00:15,12,Sunday,155,56,19,17,247,High
00:30,12,Sunday,248,168,30,41,487,High
00:45,12,Sunday,54,86,2,37,179,High
01:00,12,Sunday,229,180,22,5,436,Normal
01:15,12,Sunday,272,152,0,48,472,High
01:30,12,Sunday,76,133,22,41,272,Low
01:45,12,Sunday,277,22,20,25,344,High
02:00,12,Sunday,258,60,28,8,354,High
02:15,12,Sunday,195,76,16,41,328,Normal
02:30,12,Sunday,258,44,23,46,371,Normal
02:45,12,Sunday,175,89,11,1,276,Low
03:00,12,Sunday,272,181,20,48,521,High
03:15,12,Sunday,108,126,20,33,287,Normal
03:30,12,Sunday,279,101,20,2,402,Low
03:45,12,Sunday,41,64,26,19,150,Normal
04:00,12,Sunday,233,59,8,11,311,Normal
04:15,12,Sunday,224,83,10,43,360,Normal
04:30,12,Sunday,176,77,3,39,295,Low
04:45,12,Sunday,166,147,1,6,320,High
05:00,12,Sunday,299,100,3,46,448,Low
05:15,12,Sunday,274,134,30,49,487,High
05:30,12,Sunday,87,71,26,13,197,Low
05:45,12,Sunday,143,27,21,22,213,Normal
06:00,12,Sunday,201,175,15,47,438,Low
06:15,12,Sunday,35,140,26,40,241,High
06:30,12,Sunday,274,54,4,17,349,Low
06:45,12,Sunday,124,138,17,2,281,High
07:00,12,Sunday,38,66,27,32,163,Normal
07:15,12,Sunday,60,12,15,20,107,Normal
07:30,12,Sunday,92,27,4,37,160,High
07:45,12,Sunday,133,140,23,50,346,Normal
08:00,12,Sunday,130,189,4,20,343,High
08:15,12,Sunday,243,157,15,45,460,High
08:30,12,Sunday,198,110,26,23,357,Low
08:45,12,Sunday,272,26,28,31,357,Low
09:00,12,Sunday,276,122,5,30,433,High
09:15,12,Sunday,112,157,29,25,323,Low
09:30,12,Sunday,95,109,8,31,243,Low
09:45,12,Sunday,114,136,14,50,314,Normal
10:00,12,Sunday,144,131,19,0,294,Normal
10:15,12,Sunday,30,31,16,23,100,Normal
10:30,12,Sunday,22,111,14,16,163,High
10:45,12,Sunday,277,56,5,33,371,Normal
11:00,12,Sunday,110,16,21,39,186,Low
11:15,12,Sunday,116,140,18,25,299,Normal
11:30,12,Sunday,118,96,6,2,222,Normal
11:45,12,Sunday,108,67,29,25,229,Normal
12:00,12,Sunday,197,196,26,30,449,Normal
12:15,12,Sunday,255,27,5,25,312,Low
12:30,12,Sunday,47,187,3,19,256,Normal
12:45,12,Sunday,112,176,26,2,316,High
13:00,12,Sunday,249,104,15,4,372,Normal
13:15,12,Sunday,150,176,13,35,374,Low
13:30,12,Sunday,141,28,25,4,198,High
13:45,12,Sunday,130,188,26,20,364,High
14:00,12,Sunday,221,177,26,45,469,Normal
14:15,12,Sunday,119,100,25,22,266,Low
14:30,12,Sunday,48,77,23,13,161,Normal
14:45,12,Sunday,231,37,12,4,284,High
15:00,12,Sunday,41,69,22,28,160,Normal
15:15,12,Sunday,278,194,20,12,504,Normal
15:30,12,Sunday,206,148,18,4,376,Low
15:45,12,Sunday,220,151,28,35,434,Normal
16:00,12,Sunday,204,40,18,29,291,Normal
16:15,12,Sunday,266,104,10,33,413,High
16:30,12,Sunday,273,115,5,44,437,Low
16:45,12,Sunday,275,57,8,22,362,High
17:00,12,Sunday,129,17,20,42,208,Low
17:15,12,Sunday,198,159,27,20,404,Low
17:30,12,Sunday,244,165,21,17,447,Low
17:45,12,Sunday,136,133,2,33,304,Normal
18:00,12,Sunday,256,91,12,1,360,High
18:15,12,Sunday,68,185,0,43,296,Normal
18:30,12,Sunday,47,158,9,32,246,Normal
18:45,12,Sunday,249,183,30,1,463,Low
19:00,12,Sunday,204,59,24,21,308,Low
19:15,12,Sunday,117,161,24,43,345,Normal
19:30,12,Sunday,204,154,9,36,403,Low
19:45,12,Sunday,235,85,22,40,382,Normal
20:00,12,Sunday,267,24,5,2,298,Low
20:15,12,Sunday,118,196,4,11,329,Low
20:30,12,Sunday,127,113,21,16,277,Normal
20:45,12,Sunday,214,185,29,21,449,High
21:00,12,Sunday,297,82,10,32,421,High
21:15,12,Sunday,233,82,27,39,381,Low
21:30,12,Sunday,207,24,15,32,278,High
21:45,12,Sunday,270,20,3,43,336,High
22:00,12,Sunday,245,39,14,45,343,High
22:15,12,Sunday,263,190,27,13,493,Normal
22:30,12,Sunday,55,130,7,33,225,Low
22:45,12,Sunday,195,54,11,28,288,Normal
23:00,12,Sunday,76,17,9,16,118,Low
23:15,12,Sunday,296,121,4,20,441,Normal
23:30,12,Sunday,191,23,9,47,270,Low
23:45,12,Sunday,201,48,8,24,281,High
00:00,13,Monday,49,73,25,38,185,Low
00:15,13,Monday,269,117,24,12,422,Normal
00:30,13,Monday,285,68,22,37,412,Low
00:45,13,Monday,284,43,26,48,401,Low
01:00,13,Monday,196,26,4,6,232,Low
01:15,13,Monday,181,162,12,27,382,Low
01:30,13,Monday,89,165,25,11,290,High
01:45,13,Monday,187,79,14,31,311,Low
02:00,13,Monday,138,98,0,26,262,Normal
02:15,13,Monday,273,21,0,20,314,Low
02:30,13,Monday,187,163,16,25,391,High
02:45,13,Monday,269,178,1,13,461,High
03:00,13,Monday,143,83,4,7,237,Low
03:15,13,Monday,155,44,28,17,244,Normal
03:30,13,Monday,138,38,0,50,226,High
03:45,13,Monday,286,80,27,27,420,Low
04:00,13,Monday,125,189,21,47,382,Low
04:15,13,Monday,131,89,8,4,232,Normal
04:30,13,Monday,207,142,26,44,419,Normal
04:45,13,Monday,36,141,8,40,225,Low
05:00,13,Monday,230,130,20,17,397,High
05:15,13,Monday,61,78,17,1,157,Low
05:30,13,Monday,152,187,10,38,387,Normal
05:45,13,Monday,129,66,28,3,226,Low
06:00,13,Monday,188,162,11,48,409,Normal
06:15,13,Monday,235,19,0,46,300,High
06:30,13,Monday,206,141,28,49,424,Normal
06:45,13,Monday,270,85,30,48,433,Normal
07:00,13,Monday,242,71,24,3,340,High
07:15,13,Monday,54,137,17,31,239,Low
07:30,13,Monday,183,192,24,22,421,High
07:45,13,Monday,103,61,2,11,177,Low
08:00,13,Monday,43,149,17,13,222,High
08:15,13,Monday,203,110,19,44,376,Low
08:30,13,Monday,284,198,27,22,531,Low
08:45,13,Monday,298,192,21,41,552,Normal
09:00,13,Monday,211,36,24,12,283,Normal
09:15,13,Monday,61,26,24,10,121,Normal
09:30,13,Monday,35,163,25,9,232,High
09:45,13,Monday,62,113,23,30,228,Low
10:00,13,Monday,180,35,27,24,266,Normal
10:15,13,Monday,186,195,16,32,429,High
10:30,13,Monday,180,10,0,11,201,Low
10:45,13,Monday,55,187,2,18,262,Low
11:00,13,Monday,93,153,23,6,275,Low
11:15,13,Monday,58,153,23,46,280,High
11:30,13,Monday,56,188,28,8,280,Normal
11:45,13,Monday,31,86,9,16,142,Normal
12:00,13,Monday,89,149,14,29,281,High
12:15,13,Monday,233,145,16,7,401,Normal
12:30,13,Monday,247,149,19,0,415,Normal
12:45,13,Monday,112,195,11,43,361,Low
13:00,13,Monday,27,32,28,44,131,High
13:15,13,Monday,208,87,30,38,363,Normal
13:30,13,Monday,55,190,26,49,320,Normal
13:45,13,Monday,69,88,0,24,181,Normal
14:00,13,Monday,107,28,12,31,178,Normal
14:15,13,Monday,141,193,18,25,377,Low
14:30,13,Monday,87,40,8,2,137,Normal
14:45,13,Monday,25,127,16,20,188,High
15:00,13,Monday,58,76,6,2,142,Low
15:15,13,Monday,205,182,24,14,425,High
15:30,13,Monday,228,61,4,43,336,Normal
15:45,13,Monday,299,166,14,17,496,Low
16:00,13,Monday,159,134,22,40,355,High
16:15,13,Monday,105,55,10,10,180,Low
16:30,13,Monday,280,72,9,20,381,High
16:45,13,Monday,113,81,14,7,215,High
17:00,13,Monday,298,87,18,45,448,High
17:15,13,Monday,27,44,27,45,143,High
17:30,13,Monday,143,170,30,13,356,Low
17:45,13,Monday,180,121,11,19,331,Low
18:00,13,Monday,189,165,0,23,377,High
18:15,13,Monday,300,117,12,22,451,High
18:30,13,Monday,291,174,14,11,490,High
18:45,13,Monday,160,102,22,8,292,High
19:00,13,Monday,297,24,4,36,361,Low
19:15,13,Monday,159,172,14,46,391,Low
19:30,13,Monday,52,49,4,47,152,Low
19:45,13,Monday,266,50,23,20,359,Normal
20:00,13,Monday,34,146,2,21,203,High
20:15,13,Monday,271,159,11,17,458,Normal
20:30,13,Monday,270,80,2,7,359,Low
20:45,13,Monday,42,13,2,27,84,Low
21:00,13,Monday,114,138,18,17,287,Low
21:15,13,Monday,187,115,12,36,350,Normal
21:30,13,Monday,202,178,5,23,408,Normal
21:45,13,Monday,22,173,1,42,238,Normal
22:00,13,Monday,274,79,8,7,368,High
22:15,13,Monday,152,123,22,25,322,Low
22:30,13,Monday,246,41,30,8,325,Low
22:45,13,Monday,108,71,13,22,214,High
23:00,13,Monday,71,48,20,46,185,Normal
23:15,13,Monday,272,129,24,46,471,High
23:30,13,Monday,160,93,13,18,284,Low
23:45,13,Monday,103,148,15,45,311,High
00:00,14,Tuesday,297,198,16,39,550,Low
00:15,14,Tuesday,217,49,7,2,275,Normal
00:30,14,Tuesday,162,97,2,22,283,High
00:45,14,Tuesday,105,79,30,28,242,Normal
01:00,14,Tuesday,189,26,30,6,251,High
01:15,14,Tuesday,246,38,17,6,307,Normal
01:30,14,Tuesday,126,76,12,48,262,High
01:45,14,Tuesday,176,194,30,37,437,Normal
02:00,14,Tuesday,243,100,11,0,354,High
02:15,14,Tuesday,258,155,0,22,435,Normal
02:30,14,Tuesday,237,93,26,38,394,Normal
02:45,14,Tuesday,236,116,17,14,383,Normal
03:00,14,Tuesday,22,151,18,34,225,Low
03:15,14,Tuesday,272,93,22,48,435,High
03:30,14,Tuesday,99,150,25,28,302,Low
03:45,14,Tuesday,181,60,26,31,298,Normal
04:00,14,Tuesday,156,16,9,17,198,Normal
04:15,14,Tuesday,168,154,29,31,382,Low
04:30,14,Tuesday,209,16,3,1,229,High
04:45,14,Tuesday,284,180,22,29,515,Low
05:00,14,Tuesday,296,165,12,8,481,Normal
05:15,14,Tuesday,252,193,6,28,479,Normal
05:30,14,Tuesday,127,115,17,25,284,Normal
05:45,14,Tuesday,298,147,14,6,465,High
06:00,14,Tuesday,205,98,13,31,347,High
06:15,14,Tuesday,72,28,22,14,136,Normal
06:30,14,Tuesday,177,39,24,9,249,High
06:45,14,Tuesday,205,153,22,0,380,Normal
07:00,14,Tuesday,66,25,0,45,136,Normal
07:15,14,Tuesday,62,75,8,14,159,Low
07:30,14,Tuesday,279,101,29,7,416,Normal
07:45,14,Tuesday,79,161,20,46,306,High
08:00,14,Tuesday,271,137,27,30,465,Low
08:15,14,Tuesday,284,126,14,10,434,High
08:30,14,Tuesday,257,171,12,31,471,High
08:45,14,Tuesday,122,152,0,35,309,Low
09:00,14,Tuesday,198,53,12,5,268,Normal
09:15,14,Tuesday,70,68,28,22,188,Normal
09:30,14,Tuesday,79,50,24,33,186,Low
09:45,14,Tuesday,274,176,30,25,505,High
10:00,14,Tuesday,164,179,18,19,380,Low
10:15,14,Tuesday,84,158,19,14,275,High
10:30,14,Tuesday,202,154,7,9,372,Low
10:45,14,Tuesday,139,14,21,2,176,High
11:00,14,Tuesday,272,190,28,6,496,Normal
11:15,14,Tuesday,244,125,30,8,407,High
11:30,14,Tuesday,38,69,10,5,122,High
11:45,14,Tuesday,277,12,24,3,316,Low
12:00,14,Tuesday,54,62,13,38,167,Normal
12:15,14,Tuesday,134,146,12,36,328,Low
12:30,14,Tuesday,194,113,7,50,364,High
12:45,14,Tuesday,251,185,9,40,485,Low
13:00,14,Tuesday,111,164,12,16,303,Low
13:15,14,Tuesday,249,91,20,50,410,Low
13:30,14,Tuesday,286,58,0,38,382,Low
13:45,14,Tuesday,211,17,22,2,252,High
14:00,14,Tuesday,119,163,7,30,319,Normal
14:15,14,Tuesday,196,13,24,11,244,Low
14:30,14,Tuesday,105,179,21,9,314,Low
14:45,14,Tuesday,209,148,23,46,426,High
15:00,14,Tuesday,264,132,27,33,456,Low
15:15,14,Tuesday,35,46,25,10,116,Low
15:30,14,Tuesday,261,70,30,15,376,High
15:45,14,Tuesday,30,33,6,47,116,High
16:00,14,Tuesday,230,107,14,49,400,High
16:15,14,Tuesday,290,161,15,31,497,Low
16:30,14,Tuesday,43,67,24,29,163,High
16:45,14,Tuesday,133,17,4,28,182,High
17:00,14,Tuesday,202,124,27,26,379,Normal
17:15,14,Tuesday,79,94,0,30,203,High
17:30,14,Tuesday,197,193,10,16,416,Low
17:45,14,Tuesday,24,188,0,49,261,Low
18:00,14,Tuesday,256,113,4,50,423,Low
18:15,14,Tuesday,26,191,13,24,254,Low
18:30,14,Tuesday,289,31,25,19,364,High
18:45,14,Tuesday,152,72,26,21,271,High
19:00,14,Tuesday,248,181,18,50,497,Low
19:15,14,Tuesday,230,162,0,43,435,Low
19:30,14,Tuesday,271,178,23,0,472,Low
19:45,14,Tuesday,153,173,26,23,375,Low
20:00,14,Tuesday,103,163,30,2,298,Low
20:15,14,Tuesday,113,198,19,46,376,High
20:30,14,Tuesday,146,115,2,10,273,High
20:45,14,Tuesday,200,52,4,27,283,Normal
21:00,14,Tuesday,183,120,24,42,369,Normal
21:15,14,Tuesday,23,198,25,10,256,Normal
21:30,14,Tuesday,86,61,26,22,195,High
21:45,14,Tuesday,167,191,8,35,401,Normal
22:00,14,Tuesday,87,161,29,15,292,Low
22:15,14,Tuesday,223,68,25,45,361,Normal
22:30,14,Tuesday,27,43,1,17,88,Normal
22:45,14,Tuesday,90,59,18,32,199,High
23:00,14,Tuesday,32,39,0,4,75,Normal
23:15,14,Tuesday,22,124,18,47,211,Normal
23:30,14,Tuesday,240,83,25,37,385,Normal
23:45,14,Tuesday,211,79,11,1,302,High
00:00,15,Wednesday,139,60,17,9,225,Low
00:15,15,Wednesday,250,154,25,13,442,Low
00:30,15,Wednesday,247,124,14,35,420,Normal
00:45,15,Wednesday,80,75,0,37,192,Low
01:00,15,Wednesday,53,80,11,36,180,High
01:15,15,Wednesday,62,127,9,17,215,High
01:30,15,Wednesday,214,83,2,40,339,Low
01:45,15,Wednesday,254,76,19,31,380,Low
02:00,15,Wednesday,293,101,8,24,426,Low
02:15,15,Wednesday,284,99,17,34,434,Low
02:30,15,Wednesday,140,108,12,38,298,High
02:45,15,Wednesday,88,63,27,45,223,Low
03:00,15,Wednesday,42,166,21,1,230,Normal
03:15,15,Wednesday,130,127,19,41,317,High
03:30,15,Wednesday,287,114,20,10,431,Normal
03:45,15,Wednesday,191,136,30,38,395,Normal
04:00,15,Wednesday,156,128,24,8,316,High
04:15,15,Wednesday,291,96,26,25,438,Low
04:30,15,Wednesday,81,162,2,50,295,Low
04:45,15,Wednesday,207,90,21,16,334,Normal
05:00,15,Wednesday,246,118,24,31,419,High
05:15,15,Wednesday,239,139,23,12,413,Normal
05:30,15,Wednesday,217,51,21,31,320,Normal
05:45,15,Wednesday,194,49,25,38,306,High
06:00,15,Wednesday,32,113,12,16,173,High
06:15,15,Wednesday,243,144,24,50,461,Low
06:30,15,Wednesday,64,90,18,32,204,Low
06:45,15,Wednesday,144,175,11,23,353,Low
07:00,15,Wednesday,276,37,21,0,334,High
07:15,15,Wednesday,217,196,19,35,467,Low
07:30,15,Wednesday,151,175,4,41,371,Normal
07:45,15,Wednesday,181,35,16,37,269,Low
08:00,15,Wednesday,265,37,11,35,348,High
08:15,15,Wednesday,76,174,20,9,279,High
08:30,15,Wednesday,60,162,21,45,288,High
08:45,15,Wednesday,112,67,4,16,199,Low
09:00,15,Wednesday,244,174,13,19,450,Normal
09:15,15,Wednesday,113,109,25,47,294,Low
09:30,15,Wednesday,124,136,14,33,307,Normal
09:45,15,Wednesday,22,60,28,33,143,Low
10:00,15,Wednesday,128,105,17,6,256,High
10:15,15,Wednesday,241,29,27,27,324,Low
10:30,15,Wednesday,277,17,2,13,309,Normal
10:45,15,Wednesday,84,129,20,16,249,High
11:00,15,Wednesday,146,86,17,27,276,High
11:15,15,Wednesday,31,15,29,23,98,Normal
11:30,15,Wednesday,241,58,4,13,316,Normal
11:45,15,Wednesday,279,87,17,12,395,Low
12:00,15,Wednesday,38,25,27,49,139,Normal
12:15,15,Wednesday,88,74,13,42,217,Low
12:30,15,Wednesday,194,162,25,45,426,Low
12:45,15,Wednesday,54,95,9,3,161,Low
13:00,15,Wednesday,77,84,13,26,200,High
13:15,15,Wednesday,272,31,16,15,334,Normal
13:30,15,Wednesday,283,182,20,39,524,Normal
13:45,15,Wednesday,241,88,7,49,385,Low
14:00,15,Wednesday,58,145,28,34,265,Low
14:15,15,Wednesday,122,196,17,13,348,Low
14:30,15,Wednesday,77,54,15,31,177,Low
14:45,15,Wednesday,51,176,29,49,305,High
15:00,15,Wednesday,290,12,11,27,340,High
15:15,15,Wednesday,220,60,6,30,316,Normal
15:30,15,Wednesday,194,65,6,0,265,High
15:45,15,Wednesday,88,21,8,39,156,Normal
16:00,15,Wednesday,136,105,29,13,283,High
16:15,15,Wednesday,148,61,21,43,273,High
16:30,15,Wednesday,223,53,5,38,319,High
16:45,15,Wednesday,143,117,11,33,304,Low
17:00,15,Wednesday,249,33,5,20,307,High
17:15,15,Wednesday,241,19,3,2,265,Normal
17:30,15,Wednesday,247,39,16,44,346,High
17:45,15,Wednesday,214,118,21,18,371,Normal
18:00,15,Wednesday,71,190,25,48,334,High
18:15,15,Wednesday,245,42,28,6,321,High
18:30,15,Wednesday,44,175,27,47,293,High
18:45,15,Wednesday,293,126,24,21,464,High
19:00,15,Wednesday,155,103,14,1,273,Normal
19:15,15,Wednesday,108,131,8,11,258,Low
19:30,15,Wednesday,233,33,23,25,314,Low
19:45,15,Wednesday,152,92,21,40,305,High
20:00,15,Wednesday,94,10,4,41,149,Normal
20:15,15,Wednesday,153,131,13,25,322,High
20:30,15,Wednesday,216,95,8,3,322,Low
20:45,15,Wednesday,218,15,6,49,288,Normal
21:00,15,Wednesday,36,83,14,17,150,Low
21:15,15,Wednesday,148,115,16,27,306,High
21:30,15,Wednesday,106,46,18,29,199,Normal
21:45,15,Wednesday,204,100,10,24,338,Normal
22:00,15,Wednesday,252,122,26,44,444,Normal
22:15,15,Wednesday,100,193,14,13,320,Normal
22:30,15,Wednesday,118,75,15,17,225,Low
22:45,15,Wednesday,153,74,6,36,269,High
23:00,15,Wednesday,254,43,25,15,337,High
23:15,15,Wednesday,250,77,0,47,374,Normal
23:30,15,Wednesday,254,173,22,35,484,Low
23:45,15,Wednesday,138,35,28,43,244,High
00:00,16,Thursday,191,197,6,30,424,Normal
00:15,16,Thursday,232,121,4,10,367,Normal
00:30,16,Thursday,46,18,14,19,97,Normal
00:45,16,Thursday,22,145,4,24,195,Low
01:00,16,Thursday,267,119,9,25,420,Low
01:15,16,Thursday,203,75,14,17,309,Normal
01:30,16,Thursday,60,58,0,10,128,Low
01:45,16,Thursday,106,52,23,44,225,Normal
02:00,16,Thursday,66,26,9,29,130,Low
02:15,16,Thursday,225,156,19,5,405,Normal
02:30,16,Thursday,274,39,21,16,350,Normal
02:45,16,Thursday,78,185,13,24,300,Normal
03:00,16,Thursday,185,68,11,15,279,Normal
03:15,16,Thursday,148,147,13,19,327,Low
03:30,16,Thursday,154,69,13,39,275,Low
03:45,16,Thursday,131,100,26,24,281,High
04:00,16,Thursday,123,81,17,26,247,Normal
04:15,16,Thursday,139,84,17,17,257,Normal
04:30,16,Thursday,294,174,3,37,508,Low
04:45,16,Thursday,190,149,23,26,388,Low
05:00,16,Thursday,185,107,21,12,325,Low
05:15,16,Thursday,159,64,4,37,264,Low
05:30,16,Thursday,142,107,5,39,293,High
05:45,16,Thursday,293,107,7,2,409,Normal
06:00,16,Thursday,98,184,2,3,287,Low
06:15,16,Thursday,229,25,28,28,310,High
06:30,16,Thursday,172,74,6,32,284,High
06:45,16,Thursday,45,115,4,3,167,Normal
07:00,16,Thursday,41,191,26,25,283,Normal
07:15,16,Thursday,40,57,17,42,156,Normal
07:30,16,Thursday,155,105,15,24,299,Normal
07:45,16,Thursday,62,42,29,31,164,High
08:00,16,Thursday,136,52,4,40,232,Normal
08:15,16,Thursday,163,77,3,29,272,Low
08:30,16,Thursday,135,126,19,22,302,Normal
08:45,16,Thursday,196,169,9,6,380,Normal
09:00,16,Thursday,67,132,15,40,254,Low
09:15,16,Thursday,297,114,20,31,462,Low
09:30,16,Thursday,138,24,13,7,182,High
09:45,16,Thursday,138,200,9,17,364,Low
10:00,16,Thursday,227,142,30,30,429,Normal
10:15,16,Thursday,300,72,5,49,426,Low
10:30,16,Thursday,83,177,1,35,296,Low
10:45,16,Thursday,294,195,10,31,530,Normal
11:00,16,Thursday,39,16,27,22,104,Low
11:15,16,Thursday,103,168,29,4,304,High
11:30,16,Thursday,275,58,22,11,366,Normal
11:45,16,Thursday,273,199,30,47,549,High
12:00,16,Thursday,175,159,11,26,371,Low
12:15,16,Thursday,274,182,26,40,522,Low
12:30,16,Thursday,81,54,11,0,146,Low
12:45,16,Thursday,81,69,13,30,193,Low
13:00,16,Thursday,223,121,18,41,403,High
13:15,16,Thursday,208,118,0,34,360,Normal
13:30,16,Thursday,290,89,12,5,396,High
13:45,16,Thursday,114,82,23,27,246,Normal
14:00,16,Thursday,182,48,6,12,248,High
14:15,16,Thursday,269,89,11,10,379,Low
14:30,16,Thursday,210,62,28,18,318,Normal
14:45,16,Thursday,245,160,2,41,448,Normal
15:00,16,Thursday,170,84,1,21,276,Normal
15:15,16,Thursday,278,190,7,11,486,Low
15:30,16,Thursday,273,126,0,43,442,Normal
15:45,16,Thursday,45,12,0,46,103,High
16:00,16,Thursday,85,104,30,17,236,Normal
16:15,16,Thursday,161,53,13,49,276,Low
16:30,16,Thursday,262,66,3,10,341,Normal
16:45,16,Thursday,209,74,12,9,304,Normal
17:00,16,Thursday,83,171,12,21,287,High
17:15,16,Thursday,60,149,19,29,257,Low
17:30,16,Thursday,210,93,12,30,345,Normal
17:45,16,Thursday,284,158,21,4,467,High
18:00,16,Thursday,66,182,12,6,266,Low
18:15,16,Thursday,120,29,28,2,179,High
18:30,16,Thursday,219,50,19,15,303,High
18:45,16,Thursday,207,154,20,37,418,High
19:00,16,Thursday,191,143,15,44,393,Normal
19:15,16,Thursday,276,92,30,44,442,Normal
19:30,16,Thursday,133,189,7,11,340,Normal
19:45,16,Thursday,81,106,11,6,204,High
20:00,16,Thursday,145,107,8,23,283,Normal
20:15,16,Thursday,111,119,4,23,257,Normal
20:30,16,Thursday,238,74,5,24,341,Low
20:45,16,Thursday,236,70,7,45,358,Low
21:00,16,Thursday,218,97,30,44,389,Low
21:15,16,Thursday,254,177,22,21,474,High
21:30,16,Thursday,231,13,13,47,304,Low
21:45,16,Thursday,88,41,8,41,178,High
22:00,16,Thursday,159,131,30,7,327,Normal
22:15,16,Thursday,204,73,21,15,313,Normal
22:30,16,Thursday,156,34,18,46,254,Normal
22:45,16,Thursday,235,151,5,6,397,Low
23:00,16,Thursday,54,44,12,29,139,High
23:15,16,Thursday,131,114,14,23,282,Low
23:30,16,Thursday,30,18,29,41,118,Low
23:45,16,Thursday,37,178,16,16,247,Low
00:00,17,Friday,75,26,27,26,154,Normal
00:15,17,Friday,112,86,4,27,229,Low
00:30,17,Friday,154,31,14,40,239,Low
00:45,17,Friday,258,134,10,0,402,Low
01:00,17,Friday,37,88,29,35,189,Normal
01:15,17,Friday,235,142,27,21,425,Low
01:30,17,Friday,147,144,12,2,305,Normal
01:45,17,Friday,86,196,9,31,322,High
02:00,17,Friday,275,193,2,17,487,Low
02:15,17,Friday,250,45,28,42,365,Low
02:30,17,Friday,288,124,29,19,460,High
02:45,17,Friday,158,139,2,7,306,Normal
03:00,17,Friday,32,168,16,19,235,High
03:15,17,Friday,214,71,23,32,340,Normal
03:30,17,Friday,110,194,1,36,341,High
03:45,17,Friday,195,68,28,4,295,Normal
04:00,17,Friday,141,33,4,8,186,High
04:15,17,Friday,176,67,11,24,278,Low
04:30,17,Friday,172,15,3,2,192,Normal
04:45,17,Friday,47,31,2,14,94,Low
05:00,17,Friday,131,115,9,39,294,Normal
05:15,17,Friday,191,112,12,39,354,High
05:30,17,Friday,214,110,1,4,329,Normal
05:45,17,Friday,29,38,19,25,111,Normal
06:00,17,Friday,253,135,21,33,442,Normal
06:15,17,Friday,91,78,12,17,198,Low
06:30,17,Friday,218,119,18,42,397,High
06:45,17,Friday,256,48,30,47,381,Normal
07:00,17,Friday,142,127,9,43,321,Normal
07:15,17,Friday,68,41,0,43,152,Normal
07:30,17,Friday,54,184,28,7,273,Normal
07:45,17,Friday,59,84,25,15,183,High
08:00,17,Friday,273,189,6,15,483,Low
08:15,17,Friday,57,140,17,25,239,Normal
08:30,17,Friday,281,37,8,45,371,High
08:45,17,Friday,198,23,30,22,273,Normal
09:00,17,Friday,109,106,3,1,219,High
09:15,17,Friday,91,40,29,5,165,Normal
09:30,17,Friday,234,191,5,49,479,Low
09:45,17,Friday,234,86,15,29,364,Low
10:00,17,Friday,130,88,27,44,289,Normal
10:15,17,Friday,29,180,26,16,251,Low
10:30,17,Friday,278,167,4,7,456,Normal
10:45,17,Friday,216,52,3,5,276,Normal
11:00,17,Friday,40,62,26,36,164,Low
11:15,17,Friday,160,194,8,7,369,Low
11:30,17,Friday,255,85,8,25,373,High
11:45,17,Friday,109,129,27,31,296,Low
12:00,17,Friday,45,42,24,13,124,Low
12:15,17,Friday,269,70,14,30,383,Normal
12:30,17,Friday,220,114,0,16,350,Low
12:45,17,Friday,175,107,19,39,340,Normal
13:00,17,Friday,44,103,21,18,186,Normal
13:15,17,Friday,207,34,15,23,279,Normal
13:30,17,Friday,48,65,30,16,159,Normal
13:45,17,Friday,127,123,14,29,293,Normal
14:00,17,Friday,70,120,15,31,236,Normal
14:15,17,Friday,26,27,3,32,88,High
14:30,17,Friday,269,160,15,39,483,Low
14:45,17,Friday,97,13,13,29,152,High
15:00,17,Friday,227,181,13,11,432,Normal
15:15,17,Friday,178,177,12,14,381,Low
15:30,17,Friday,123,61,19,48,251,Normal
15:45,17,Friday,98,91,8,21,218,Low
16:00,17,Friday,117,112,2,32,263,High
16:15,17,Friday,31,55,30,47,163,Low
16:30,17,Friday,101,132,23,14,270,High
16:45,17,Friday,247,106,18,25,396,Low
17:00,17,Friday,95,148,30,9,282,Low
17:15,17,Friday,58,73,27,40,198,Normal
17:30,17,Friday,173,124,10,27,334,Low
17:45,17,Friday,143,197,22,9,371,Normal
18:00,17,Friday,275,162,7,15,459,Normal
18:15,17,Friday,155,87,8,21,271,High
18:30,17,Friday,20,80,18,38,156,Normal
18:45,17,Friday,154,46,26,21,247,Normal
19:00,17,Friday,237,138,14,50,439,High
19:15,17,Friday,212,98,19,6,335,Normal
19:30,17,Friday,106,23,29,23,181,Normal
19:45,17,Friday,130,19,29,0,178,High
20:00,17,Friday,189,55,8,6,258,Low
20:15,17,Friday,278,98,10,8,394,High
20:30,17,Friday,20,102,15,44,181,Low
20:45,17,Friday,165,101,14,38,318,Normal
21:00,17,Friday,145,191,28,7,371,High
21:15,17,Friday,33,78,17,33,161,High
21:30,17,Friday,213,70,9,45,337,High
21:45,17,Friday,268,43,3,11,325,Normal
22:00,17,Friday,201,110,7,45,363,Low
22:15,17,Friday,109,14,29,39,191,Low
22:30,17,Friday,200,130,0,38,368,High
22:45,17,Friday,125,142,1,39,307,Normal
23:00,17,Friday,40,74,2,34,150,Low
23:15,17,Friday,56,28,25,17,126,Normal
23:30,17,Friday,62,120,1,49,232,High
23:45,17,Friday,79,57,9,39,184,Low
00:00,18,Saturday,115,14,15,10,154,Normal
00:15,18,Saturday,271,14,21,47,353,High
00:30,18,Saturday,119,143,17,28,307,Normal
00:45,18,Saturday,260,109,12,6,387,Low
01:00,18,Saturday,91,119,4,35,249,Low
01:15,18,Saturday,179,81,2,29,291,High
01:30,18,Saturday,247,196,24,38,505,Low
01:45,18,Saturday,160,86,1,16,263,Normal
02:00,18,Saturday,266,173,10,26,475,High
02:15,18,Saturday,104,53,3,10,170,Low
02:30,18,Saturday,34,11,1,33,79,Normal
02:45,18,Saturday,26,43,4,35,108,Low
03:00,18,Saturday,234,173,9,10,426,High
03:15,18,Saturday,126,127,4,40,297,Low
03:30,18,Saturday,264,171,7,42,484,Normal
03:45,18,Saturday,281,124,26,45,476,Normal
04:00,18,Saturday,299,65,20,3,387,Low
04:15,18,Saturday,283,43,19,43,388,Normal
04:30,18,Saturday,20,197,22,36,275,Normal
04:45,18,Saturday,127,128,13,6,274,Low
05:00,18,Saturday,62,173,16,26,277,Low
05:15,18,Saturday,261,106,9,10,386,Low
05:30,18,Saturday,169,33,26,46,274,High
05:45,18,Saturday,66,15,3,16,100,Low
06:00,18,Saturday,70,158,29,46,303,Normal
06:15,18,Saturday,171,166,30,0,367,Low
06:30,18,Saturday,178,62,7,27,274,Normal
06:45,18,Saturday,69,38,10,14,131,Low
07:00,18,Saturday,58,39,8,49,154,High
07:15,18,Saturday,128,36,4,39,207,Low
07:30,18,Saturday,293,175,14,41,523,Low
07:45,18,Saturday,47,74,8,34,163,Normal
08:00,18,Saturday,199,31,29,42,301,High
08:15,18,Saturday,158,70,7,27,262,High
08:30,18,Saturday,172,174,25,28,399,Normal
08:45,18,Saturday,228,27,3,9,267,Low
09:00,18,Saturday,140,86,27,39,292,High
09:15,18,Saturday,291,21,19,22,353,High
09:30,18,Saturday,121,177,9,47,354,Normal
09:45,18,Saturday,199,173,7,33,412,Normal
10:00,18,Saturday,214,26,6,47,293,Normal
10:15,18,Saturday,160,62,16,37,275,Normal
10:30,18,Saturday,187,153,5,3,348,Low
10:45,18,Saturday,102,48,13,1,164,Normal
11:00,18,Saturday,165,191,26,42,424,Normal
11:15,18,Saturday,223,146,9,44,422,High
11:30,18,Saturday,27,199,5,23,254,Normal
11:45,18,Saturday,53,23,17,13,106,High
12:00,18,Saturday,298,118,22,14,452,High
12:15,18,Saturday,52,100,6,28,186,Low
12:30,18,Saturday,119,188,0,48,355,Normal
12:45,18,Saturday,141,57,24,1,223,Normal
13:00,18,Saturday,179,129,26,11,345,Low
13:15,18,Saturday,136,135,10,5,286,High
13:30,18,Saturday,48,99,30,22,199,High
13:45,18,Saturday,165,133,7,29,334,Normal
14:00,18,Saturday,99,96,22,6,223,High
14:15,18,Saturday,61,125,12,25,223,Normal
14:30,18,Saturday,206,162,18,15,401,Low
14:45,18,Saturday,29,13,21,46,109,Normal
15:00,18,Saturday,160,35,12,27,234,Normal
15:15,18,Saturday,222,90,17,3,332,Normal
15:30,18,Saturday,74,185,10,28,297,Normal
15:45,18,Saturday,290,69,13,22,394,Low
16:00,18,Saturday,70,95,4,38,207,Low
16:15,18,Saturday,117,178,11,48,354,Normal
16:30,18,Saturday,231,55,10,28,324,Normal
16:45,18,Saturday,221,112,19,38,390,Low
17:00,18,Saturday,232,124,0,4,360,Normal
17:15,18,Saturday,173,67,16,31,287,High
17:30,18,Saturday,122,111,18,18,269,High
17:45,18,Saturday,292,53,2,45,392,Low
18:00,18,Saturday,217,162,5,4,388,Normal
18:15,18,Saturday,150,158,14,36,358,Normal
18:30,18,Saturday,164,21,17,27,229,High
18:45,18,Saturday,241,46,2,12,301,Normal
19:00,18,Saturday,216,158,9,40,423,Low
19:15,18,Saturday,74,67,21,24,186,Low
19:30,18,Saturday,210,30,15,31,286,Low
19:45,18,Saturday,68,45,15,31,159,Low
20:00,18,Saturday,61,86,10,46,203,High
20:15,18,Saturday,165,165,5,43,378,Low
20:30,18,Saturday,93,193,7,27,320,Low
20:45,18,Saturday,261,118,16,16,411,Normal
21:00,18,Saturday,261,20,15,11,307,Low
21:15,18,Saturday,108,147,8,0,263,High
21:30,18,Saturday,37,98,20,32,187,Low
21:45,18,Saturday,268,96,26,3,393,Normal
22:00,18,Saturday,257,19,30,13,319,Normal
22:15,18,Saturday,72,193,0,49,314,Normal
22:30,18,Saturday,104,82,24,43,253,Normal
22:45,18,Saturday,199,90,21,46,356,Normal
23:00,18,Saturday,269,123,0,27,419,High
23:15,18,Saturday,149,43,6,12,210,High
23:30,18,Saturday,145,43,11,9,208,Low
23:45,18,Saturday,111,25,29,50,215,Low
00:00,19,Sunday,172,52,12,12,248,High
00:15,19,Sunday,113,93,7,35,248,High
00:30,19,Sunday,168,59,10,28,265,Normal
00:45,19,Sunday,84,146,10,11,251,Normal
01:00,19,Sunday,206,79,15,22,322,Normal
01:15,19,Sunday,216,135,4,21,376,Normal
01:30,19,Sunday,86,154,27,27,294,Low
01:45,19,Sunday,277,188,1,7,473,Low
02:00,19,Sunday,78,92,28,1,199,Normal
02:15,19,Sunday,240,45,18,15,318,Low
02:30,19,Sunday,46,187,20,39,292,Normal
02:45,19,Sunday,23,187,24,48,282,Normal
03:00,19,Sunday,109,181,3,3,296,Low
03:15,19,Sunday,230,149,27,2,408,Normal
03:30,19,Sunday,293,179,12,30,514,High
03:45,19,Sunday,218,98,27,15,358,High
04:00,19,Sunday,272,23,13,6,314,Low
04:15,19,Sunday,213,52,3,27,295,High
04:30,19,Sunday,130,144,30,11,315,Normal
04:45,19,Sunday,109,104,27,35,275,High
05:00,19,Sunday,142,145,13,37,337,Low
05:15,19,Sunday,251,147,27,28,453,Normal
05:30,19,Sunday,151,135,30,39,355,Low
05:45,19,Sunday,141,142,18,15,316,Low
06:00,19,Sunday,20,182,0,45,247,Low
06:15,19,Sunday,99,18,8,21,146,High
06:30,19,Sunday,116,110,14,29,269,Normal
06:45,19,Sunday,290,190,16,1,497,High
07:00,19,Sunday,46,144,19,1,210,High
07:15,19,Sunday,156,120,20,5,301,Normal
07:30,19,Sunday,205,91,15,2,313,Low
07:45,19,Sunday,223,144,27,15,409,Normal
08:00,19,Sunday,24,89,14,49,176,Low
08:15,19,Sunday,128,56,6,32,222,High
08:30,19,Sunday,69,150,10,31,260,Normal
08:45,19,Sunday,67,77,18,3,165,Normal
09:00,19,Sunday,211,131,7,32,381,High
09:15,19,Sunday,287,197,7,30,521,Normal
09:30,19,Sunday,162,156,9,30,357,Low
09:45,19,Sunday,207,186,10,50,453,Normal
10:00,19,Sunday,264,91,2,11,368,Low
10:15,19,Sunday,58,60,18,17,153,Normal
10:30,19,Sunday,213,80,10,45,348,High
10:45,19,Sunday,280,115,9,30,434,Low
11:00,19,Sunday,42,126,29,2,199,Normal
11:15,19,Sunday,134,190,7,33,364,Normal
11:30,19,Sunday,268,143,8,17,436,High
11:45,19,Sunday,261,43,21,16,341,Normal
12:00,19,Sunday,176,178,10,29,393,High
12:15,19,Sunday,57,158,28,17,260,Normal
12:30,19,Sunday,152,14,1,11,178,Low
12:45,19,Sunday,142,197,18,21,378,High
13:00,19,Sunday,247,152,16,0,415,High
13:15,19,Sunday,297,56,21,33,407,High
13:30,19,Sunday,117,116,22,44,299,Low
13:45,19,Sunday,176,172,2,8,358,Normal
14:00,19,Sunday,63,124,2,27,216,Low
14:15,19,Sunday,66,62,28,35,191,High
14:30,19,Sunday,57,78,21,41,197,High
14:45,19,Sunday,95,126,24,40,285,Low
15:00,19,Sunday,78,94,6,35,213,High
15:15,19,Sunday,100,122,23,5,250,High
15:30,19,Sunday,93,43,26,22,184,High
15:45,19,Sunday,254,92,21,10,377,High
16:00,19,Sunday,129,159,13,48,349,Low
16:15,19,Sunday,261,113,26,23,423,Normal
16:30,19,Sunday,218,103,29,45,395,Normal
16:45,19,Sunday,86,102,15,28,231,Low
17:00,19,Sunday,112,104,24,18,258,High
17:15,19,Sunday,128,159,30,35,352,High
17:30,19,Sunday,103,44,4,1,152,Normal
17:45,19,Sunday,276,152,1,49,478,High
18:00,19,Sunday,133,117,3,19,272,High
18:15,19,Sunday,286,170,1,42,499,High
18:30,19,Sunday,227,30,16,30,303,High
18:45,19,Sunday,200,89,17,46,352,Normal
19:00,19,Sunday,21,109,4,14,148,Normal
19:15,19,Sunday,268,125,28,36,457,High
19:30,19,Sunday,122,172,14,6,314,High
19:45,19,Sunday,57,159,15,0,231,Low
20:00,19,Sunday,195,62,1,30,288,High
20:15,19,Sunday,279,143,6,16,444,High
20:30,19,Sunday,228,68,3,6,305,High
20:45,19,Sunday,42,174,16,13,245,Normal
21:00,19,Sunday,263,98,5,18,384,High
21:15,19,Sunday,33,144,5,31,213,High
21:30,19,Sunday,221,43,15,2,281,Low
21:45,19,Sunday,245,42,0,49,336,Normal
22:00,19,Sunday,278,55,28,15,376,High
22:15,19,Sunday,151,131,4,18,304,High
22:30,19,Sunday,209,10,30,8,257,High
22:45,19,Sunday,20,138,14,13,185,High
23:00,19,Sunday,26,179,11,44,260,Normal
23:15,19,Sunday,136,95,17,32,280,Low
23:30,19,Sunday,52,153,17,44,266,High
23:45,19,Sunday,68,89,25,1,183,Normal
00:00,20,Monday,94,147,18,23,282,Low
00:15,20,Monday,36,113,19,43,211,Low
00:30,20,Monday,89,31,22,28,170,Low
00:45,20,Monday,198,188,24,13,423,High
01:00,20,Monday,239,196,7,2,444,High
01:15,20,Monday,57,62,16,30,165,Low
01:30,20,Monday,186,95,29,45,355,Normal
01:45,20,Monday,255,154,9,39,457,High
02:00,20,Monday,37,11,23,35,106,Normal
02:15,20,Monday,61,131,23,35,250,High
02:30,20,Monday,62,188,13,21,284,Low
02:45,20,Monday,64,94,22,40,220,Low
03:00,20,Monday,244,126,30,27,427,High
03:15,20,Monday,227,12,4,15,258,High
03:30,20,Monday,292,95,10,1,398,High
03:45,20,Monday,36,121,1,50,208,High
04:00,20,Monday,181,147,10,23,361,Normal
04:15,20,Monday,27,23,15,11,76,Normal
04:30,20,Monday,149,156,12,5,322,Normal
04:45,20,Monday,25,26,27,50,128,Low
05:00,20,Monday,93,71,20,5,189,Low
05:15,20,Monday,124,12,16,11,163,Normal
05:30,20,Monday,24,170,17,43,254,Normal
05:45,20,Monday,133,63,26,3,225,High
06:00,20,Monday,82,194,13,34,323,High
06:15,20,Monday,24,175,15,17,231,Low
06:30,20,Monday,205,122,13,14,354,High
06:45,20,Monday,74,178,18,0,270,Normal
07:00,20,Monday,109,126,9,34,278,Normal
07:15,20,Monday,189,37,26,40,292,Normal
07:30,20,Monday,94,124,4,13,235,Low
07:45,20,Monday,285,74,14,49,422,High
08:00,20,Monday,88,54,30,19,191,Normal
08:15,20,Monday,245,120,0,2,367,High
08:30,20,Monday,21,191,5,29,246,High
08:45,20,Monday,66,195,29,50,340,Low
09:00,20,Monday,236,171,10,9,426,Normal
09:15,20,Monday,118,113,5,47,283,High
09:30,20,Monday,234,17,30,18,299,Normal
09:45,20,Monday,137,87,9,18,251,High
10:00,20,Monday,90,47,24,43,204,Normal
10:15,20,Monday,105,30,19,0,154,Normal
10:30,20,Monday,99,165,9,33,306,Low
10:45,20,Monday,108,34,28,43,213,Low
11:00,20,Monday,223,194,15,20,452,Low
11:15,20,Monday,277,94,23,23,417,Low
11:30,20,Monday,87,123,25,41,276,Low
11:45,20,Monday,292,10,18,45,365,Low
12:00,20,Monday,173,167,5,12,357,Normal
12:15,20,Monday,280,93,17,10,400,High
12:30,20,Monday,201,99,2,46,348,Low
12:45,20,Monday,93,134,15,45,287,Normal
13:00,20,Monday,217,70,11,2,300,Low
13:15,20,Monday,55,34,18,34,141,High
13:30,20,Monday,139,191,6,50,386,Low
13:45,20,Monday,53,193,0,20,266,Normal
14:00,20,Monday,62,115,25,8,210,Normal
14:15,20,Monday,209,96,2,32,339,Normal
14:30,20,Monday,99,50,27,4,180,Low
14:45,20,Monday,93,117,19,3,232,Normal
15:00,20,Monday,125,19,1,16,161,High
15:15,20,Monday,186,35,7,7,235,Low
15:30,20,Monday,150,52,13,14,229,Normal
15:45,20,Monday,221,39,16,47,323,High
16:00,20,Monday,122,52,11,22,207,Low
16:15,20,Monday,253,78,17,50,398,Normal
16:30,20,Monday,37,27,4,47,115,Low
16:45,20,Monday,160,31,17,27,235,Normal
17:00,20,Monday,219,68,5,31,323,Normal
17:15,20,Monday,212,190,4,35,441,Low
17:30,20,Monday,184,99,30,15,328,Low
17:45,20,Monday,34,194,9,35,272,Normal
18:00,20,Monday,196,178,27,22,423,Normal
18:15,20,Monday,287,188,0,15,490,High
18:30,20,Monday,143,11,10,26,190,Low
18:45,20,Monday,259,124,12,9,404,High
19:00,20,Monday,204,121,30,42,397,High
19:15,20,Monday,210,174,23,5,412,Low
19:30,20,Monday,280,54,29,48,411,Low
19:45,20,Monday,221,63,20,18,322,High
20:00,20,Monday,279,41,27,32,379,High
20:15,20,Monday,131,98,14,36,279,High
20:30,20,Monday,60,122,13,12,207,High
20:45,20,Monday,40,107,16,47,210,Normal
21:00,20,Monday,209,44,3,48,304,Low
21:15,20,Monday,146,124,21,33,324,Normal
21:30,20,Monday,60,33,2,33,128,Low
21:45,20,Monday,35,139,10,16,200,Low
22:00,20,Monday,22,188,29,28,267,Normal
22:15,20,Monday,34,114,10,13,171,Low
22:30,20,Monday,176,74,29,45,324,High
22:45,20,Monday,255,21,25,27,328,Low
23:00,20,Monday,214,10,28,2,254,High
23:15,20,Monday,117,77,0,15,209,Low
23:30,20,Monday,296,113,5,33,447,Low
23:45,20,Monday,182,30,12,16,240,High
00:00,21,Tuesday,105,99,12,2,218,High
00:15,21,Tuesday,123,84,9,31,247,High
00:30,21,Tuesday,233,191,13,44,481,Normal
00:45,21,Tuesday,99,107,30,29,265,Low
01:00,21,Tuesday,136,142,5,2,285,Low
01:15,21,Tuesday,222,164,24,14,424,Low
01:30,21,Tuesday,283,54,25,27,389,Normal
01:45,21,Tuesday,100,129,1,8,238,Normal
02:00,21,Tuesday,62,119,16,43,240,Normal
02:15,21,Tuesday,68,23,29,13,133,Low
02:30,21,Tuesday,253,47,1,32,333,High
02:45,21,Tuesday,225,70,8,2,305,Normal
03:00,21,Tuesday,235,167,12,28,442,Normal
03:15,21,Tuesday,45,46,27,9,127,High
03:30,21,Tuesday,244,143,8,31,426,Low
03:45,21,Tuesday,176,145,5,28,354,Low
04:00,21,Tuesday,99,56,20,4,179,Normal
04:15,21,Tuesday,204,71,4,10,289,Normal
04:30,21,Tuesday,219,135,5,8,367,Normal
04:45,21,Tuesday,106,164,26,0,296,High
05:00,21,Tuesday,264,19,25,50,358,High
05:15,21,Tuesday,149,14,14,2,179,Low
05:30,21,Tuesday,36,155,11,34,236,Normal
05:45,21,Tuesday,204,149,6,48,407,High
06:00,21,Tuesday,64,38,14,8,124,High
06:15,21,Tuesday,299,162,6,47,514,High
06:30,21,Tuesday,192,96,5,15,308,Low
06:45,21,Tuesday,67,189,2,2,260,Normal
07:00,21,Tuesday,109,49,18,1,177,High
07:15,21,Tuesday,111,188,9,44,352,Low
07:30,21,Tuesday,191,77,6,45,319,Low
07:45,21,Tuesday,75,13,28,18,134,Low
08:00,21,Tuesday,22,192,5,2,221,Normal
08:15,21,Tuesday,54,101,13,50,218,Normal
08:30,21,Tuesday,128,170,17,44,359,Low
08:45,21,Tuesday,86,141,12,47,286,Low
09:00,21,Tuesday,294,194,16,26,530,Normal
09:15,21,Tuesday,255,27,5,13,300,High
09:30,21,Tuesday,71,18,5,40,134,Normal
09:45,21,Tuesday,129,23,0,42,194,Low
10:00,21,Tuesday,163,90,10,25,288,High
10:15,21,Tuesday,116,115,4,38,273,High
10:30,21,Tuesday,138,30,12,0,180,Normal
10:45,21,Tuesday,51,191,13,6,261,Low
11:00,21,Tuesday,121,73,22,50,266,High
11:15,21,Tuesday,208,10,14,47,279,Normal
11:30,21,Tuesday,200,49,20,9,278,Low
11:45,21,Tuesday,34,147,16,24,221,Normal
12:00,21,Tuesday,170,47,24,23,264,Low
12:15,21,Tuesday,199,53,12,26,290,Normal
12:30,21,Tuesday,178,109,26,25,338,Low
12:45,21,Tuesday,72,23,15,14,124,Low
13:00,21,Tuesday,49,61,14,37,161,High
13:15,21,Tuesday,147,26,7,4,184,Normal
13:30,21,Tuesday,105,182,6,24,317,High
13:45,21,Tuesday,220,110,5,49,384,High
14:00,21,Tuesday,209,133,26,9,377,High
14:15,21,Tuesday,72,108,19,12,211,Low
14:30,21,Tuesday,192,133,21,9,355,Normal
14:45,21,Tuesday,124,54,21,23,222,High
15:00,21,Tuesday,198,169,15,1,383,Normal
15:15,21,Tuesday,198,55,20,14,287,High
15:30,21,Tuesday,141,126,24,40,331,Normal
15:45,21,Tuesday,58,68,5,44,175,Normal
16:00,21,Tuesday,104,90,14,14,222,Normal
16:15,21,Tuesday,249,58,9,37,353,Low
16:30,21,Tuesday,41,104,8,16,169,High
16:45,21,Tuesday,30,157,6,38,231,Normal
17:00,21,Tuesday,253,135,0,13,401,Normal
17:15,21,Tuesday,90,106,2,14,212,Normal
17:30,21,Tuesday,263,109,28,34,434,High
17:45,21,Tuesday,150,177,13,21,361,High
18:00,21,Tuesday,184,44,3,24,255,Low
18:15,21,Tuesday,275,69,25,40,409,Low
18:30,21,Tuesday,127,93,24,45,289,Normal
18:45,21,Tuesday,105,29,28,17,179,Normal
19:00,21,Tuesday,112,111,24,37,284,Normal
19:15,21,Tuesday,29,61,30,20,140,Normal
19:30,21,Tuesday,189,55,8,14,266,High
19:45,21,Tuesday,137,139,30,14,320,Low
20:00,21,Tuesday,253,135,13,44,445,Low
20:15,21,Tuesday,289,78,28,27,422,Low
20:30,21,Tuesday,71,69,14,25,179,High
20:45,21,Tuesday,195,34,21,11,261,High
21:00,21,Tuesday,243,90,24,29,386,Low
21:15,21,Tuesday,79,122,22,33,256,High
21:30,21,Tuesday,272,77,25,19,393,High
21:45,21,Tuesday,217,64,22,17,320,Low
22:00,21,Tuesday,25,151,24,38,238,High
22:15,21,Tuesday,268,95,6,39,408,High
22:30,21,Tuesday,52,126,9,49,236,Low
22:45,21,Tuesday,133,108,25,4,270,High
23:00,21,Tuesday,26,27,28,1,82,High
23:15,21,Tuesday,256,115,9,21,401,Normal
23:30,21,Tuesday,35,16,1,1,53,Normal
23:45,21,Tuesday,186,15,15,25,241,Low
00:00,22,Wednesday,272,185,13,3,473,Normal
00:15,22,Wednesday,20,88,18,36,162,High
00:30,22,Wednesday,176,179,28,43,426,Normal
00:45,22,Wednesday,192,44,0,11,247,Normal
01:00,22,Wednesday,96,105,0,9,210,High
01:15,22,Wednesday,296,141,11,29,477,Normal
01:30,22,Wednesday,250,164,1,14,429,Normal
01:45,22,Wednesday,65,123,24,43,255,Low
02:00,22,Wednesday,216,123,30,2,371,Normal
02:15,22,Wednesday,103,160,26,40,329,Normal
02:30,22,Wednesday,34,14,30,9,87,Normal
02:45,22,Wednesday,127,154,8,41,330,Low
03:00,22,Wednesday,47,62,10,21,140,High
03:15,22,Wednesday,124,168,26,34,352,Low
03:30,22,Wednesday,82,88,8,41,219,Low
03:45,22,Wednesday,108,92,11,18,229,Low
04:00,22,Wednesday,82,145,7,33,267,Normal
04:15,22,Wednesday,24,170,14,31,239,Normal
04:30,22,Wednesday,231,44,1,15,291,High
04:45,22,Wednesday,273,36,23,33,365,Normal
05:00,22,Wednesday,227,93,30,3,353,High
05:15,22,Wednesday,203,85,13,23,324,Low
05:30,22,Wednesday,237,193,29,43,502,Low
05:45,22,Wednesday,218,199,2,44,463,Low
06:00,22,Wednesday,186,54,29,46,315,Low
06:15,22,Wednesday,244,189,1,43,477,Normal
06:30,22,Wednesday,61,180,24,32,297,Normal
06:45,22,Wednesday,132,24,2,35,193,High
07:00,22,Wednesday,170,89,6,42,307,Low
07:15,22,Wednesday,297,196,27,50,570,Normal
07:30,22,Wednesday,179,125,11,31,346,High
07:45,22,Wednesday,242,170,11,41,464,Low
08:00,22,Wednesday,122,153,13,8,296,Low
08:15,22,Wednesday,131,183,27,32,373,Normal
08:30,22,Wednesday,73,12,17,15,117,Normal
08:45,22,Wednesday,107,113,9,11,240,Normal
09:00,22,Wednesday,120,199,29,45,393,High
09:15,22,Wednesday,84,48,21,19,172,High
09:30,22,Wednesday,295,40,26,48,409,Low
09:45,22,Wednesday,120,116,9,0,245,Low
10:00,22,Wednesday,80,162,21,16,279,Low
10:15,22,Wednesday,33,125,9,14,181,Low
10:30,22,Wednesday,276,84,16,27,403,Normal
10:45,22,Wednesday,119,99,13,16,247,High
11:00,22,Wednesday,93,155,28,16,292,High
11:15,22,Wednesday,298,190,23,35,546,High
11:30,22,Wednesday,168,65,16,0,249,High
11:45,22,Wednesday,300,122,27,33,482,Normal
12:00,22,Wednesday,73,18,21,40,152,Low
12:15,22,Wednesday,61,31,10,29,131,High
12:30,22,Wednesday,219,135,28,22,404,High
12:45,22,Wednesday,227,79,20,28,354,Normal
13:00,22,Wednesday,146,176,26,50,398,Low
13:15,22,Wednesday,191,132,4,42,369,High
13:30,22,Wednesday,194,170,5,11,380,High
13:45,22,Wednesday,229,43,16,3,291,Low
14:00,22,Wednesday,79,66,13,5,163,High
14:15,22,Wednesday,148,137,25,34,344,Low
14:30,22,Wednesday,137,107,5,0,249,High
14:45,22,Wednesday,215,44,21,7,287,Low
15:00,22,Wednesday,181,34,17,25,257,Low
15:15,22,Wednesday,57,60,30,35,182,Normal
15:30,22,Wednesday,30,56,25,5,116,Normal
15:45,22,Wednesday,201,117,6,22,346,High
16:00,22,Wednesday,268,107,8,29,412,High
16:15,22,Wednesday,251,140,8,40,439,Normal
16:30,22,Wednesday,150,18,19,7,194,Low
16:45,22,Wednesday,160,68,2,20,250,Normal
17:00,22,Wednesday,186,146,13,44,389,Normal
17:15,22,Wednesday,50,47,21,19,137,Normal
17:30,22,Wednesday,149,33,30,25,237,High
17:45,22,Wednesday,130,111,18,30,289,Low
18:00,22,Wednesday,34,200,8,17,259,Normal
18:15,22,Wednesday,117,50,14,36,217,High
18:30,22,Wednesday,26,63,7,46,142,Low
18:45,22,Wednesday,297,62,30,4,393,High
19:00,22,Wednesday,300,112,1,13,426,Normal
19:15,22,Wednesday,241,88,29,42,400,Normal
19:30,22,Wednesday,164,33,30,40,267,Low
19:45,22,Wednesday,38,132,26,12,208,Low
20:00,22,Wednesday,227,49,19,36,331,Normal
20:15,22,Wednesday,105,148,22,5,280,Low
20:30,22,Wednesday,148,24,0,26,198,Normal
20:45,22,Wednesday,236,34,26,19,315,Normal
21:00,22,Wednesday,245,78,17,33,373,Normal
21:15,22,Wednesday,67,158,2,23,250,Low
21:30,22,Wednesday,90,119,10,12,231,Normal
21:45,22,Wednesday,210,73,28,21,332,Normal
22:00,22,Wednesday,147,182,11,50,390,Normal
22:15,22,Wednesday,159,168,5,21,353,High
22:30,22,Wednesday,220,79,2,23,324,High
22:45,22,Wednesday,71,93,8,39,211,High
23:00,22,Wednesday,154,187,15,21,377,Low
23:15,22,Wednesday,227,10,4,27,268,Low
23:30,22,Wednesday,171,143,12,11,337,High
23:45,22,Wednesday,123,112,11,9,255,Low
00:00,23,Thursday,35,39,7,45,126,Normal
00:15,23,Thursday,185,160,12,27,384,Normal
00:30,23,Thursday,250,23,30,50,353,High
00:45,23,Thursday,51,86,13,8,158,High
01:00,23,Thursday,148,88,15,16,267,Low
01:15,23,Thursday,81,57,26,30,194,Normal
01:30,23,Thursday,137,61,18,10,226,Low
01:45,23,Thursday,160,94,23,32,309,High
02:00,23,Thursday,206,79,23,30,338,High
02:15,23,Thursday,241,167,16,10,434,Normal
02:30,23,Thursday,138,20,22,43,223,High
02:45,23,Thursday,288,89,1,41,419,High
03:00,23,Thursday,193,137,5,31,366,High
03:15,23,Thursday,227,93,16,46,382,Low
03:30,23,Thursday,187,140,30,28,385,High
03:45,23,Thursday,152,153,12,1,318,Low
04:00,23,Thursday,159,54,4,15,232,High
04:15,23,Thursday,163,46,24,20,253,High
04:30,23,Thursday,36,89,11,44,180,Normal
04:45,23,Thursday,214,101,10,24,349,Low
05:00,23,Thursday,180,161,24,37,402,Normal
05:15,23,Thursday,88,94,9,12,203,High
05:30,23,Thursday,137,158,1,14,310,Normal
05:45,23,Thursday,156,45,1,9,211,Normal
06:00,23,Thursday,277,66,19,1,363,Low
06:15,23,Thursday,22,170,14,27,233,Normal
06:30,23,Thursday,48,163,16,44,271,High
06:45,23,Thursday,117,150,23,48,338,Normal
07:00,23,Thursday,213,48,12,19,292,Low
07:15,23,Thursday,134,171,23,34,362,Low
07:30,23,Thursday,113,99,9,31,252,Low
07:45,23,Thursday,160,176,2,31,369,Low
08:00,23,Thursday,174,32,28,2,236,Normal
08:15,23,Thursday,71,173,0,30,274,Normal
08:30,23,Thursday,64,39,22,34,159,High
08:45,23,Thursday,248,198,21,20,487,Normal
09:00,23,Thursday,161,116,29,24,330,High
09:15,23,Thursday,288,95,0,6,389,Low
09:30,23,Thursday,174,196,13,2,385,Normal
09:45,23,Thursday,242,176,13,34,465,Normal
10:00,23,Thursday,143,81,4,26,254,Low
10:15,23,Thursday,117,34,27,8,186,High
10:30,23,Thursday,21,197,17,24,259,Normal
10:45,23,Thursday,46,28,11,7,92,Low
11:00,23,Thursday,72,103,25,0,200,Low
11:15,23,Thursday,257,166,28,42,493,Low
11:30,23,Thursday,92,177,6,1,276,Low
11:45,23,Thursday,218,142,13,37,410,Low
12:00,23,Thursday,32,29,14,14,89,Normal
12:15,23,Thursday,126,96,29,10,261,High
12:30,23,Thursday,288,70,24,1,383,Normal
12:45,23,Thursday,114,165,21,27,327,Low
13:00,23,Thursday,64,119,8,4,195,High
13:15,23,Thursday,116,115,29,19,279,High
13:30,23,Thursday,74,128,20,39,261,High
13:45,23,Thursday,166,92,16,5,279,High
14:00,23,Thursday,60,16,28,10,114,Low
14:15,23,Thursday,271,181,8,45,505,Low
14:30,23,Thursday,266,54,28,26,374,Normal
14:45,23,Thursday,238,21,5,32,296,High
15:00,23,Thursday,24,84,20,19,147,Normal
15:15,23,Thursday,75,155,2,6,238,Low
15:30,23,Thursday,140,161,13,11,325,High
15:45,23,Thursday,214,94,4,9,321,Normal
16:00,23,Thursday,208,169,30,19,426,High
16:15,23,Thursday,262,182,20,1,465,High
16:30,23,Thursday,51,113,17,46,227,Normal
16:45,23,Thursday,79,13,30,50,172,Normal
17:00,23,Thursday,24,70,1,6,101,Normal
17:15,23,Thursday,150,192,9,4,355,Low
17:30,23,Thursday,155,97,6,17,275,Normal
17:45,23,Thursday,21,37,8,9,75,High
18:00,23,Thursday,122,70,18,10,220,Normal
18:15,23,Thursday,107,67,18,45,237,High
18:30,23,Thursday,65,187,11,5,268,Low
18:45,23,Thursday,247,84,11,0,342,Low
19:00,23,Thursday,88,184,10,24,306,Low
19:15,23,Thursday,136,112,21,44,313,High
19:30,23,Thursday,31,90,22,31,174,High
19:45,23,Thursday,46,28,25,48,147,Normal
20:00,23,Thursday,234,127,4,43,408,Normal
20:15,23,Thursday,42,163,9,40,254,Normal
20:30,23,Thursday,277,141,19,9,446,Low
20:45,23,Thursday,209,41,28,16,294,Normal
21:00,23,Thursday,104,188,7,50,349,High
21:15,23,Thursday,98,140,12,47,297,Normal
21:30,23,Thursday,231,15,16,50,312,Low
21:45,23,Thursday,110,53,21,8,192,Low
22:00,23,Thursday,248,114,7,38,407,Low
22:15,23,Thursday,20,50,8,2,80,High
22:30,23,Thursday,226,21,1,2,250,Normal
22:45,23,Thursday,210,27,11,13,261,Low
23:00,23,Thursday,146,82,3,29,260,High
23:15,23,Thursday,237,92,14,50,393,High
23:30,23,Thursday,250,113,26,37,426,Low
23:45,23,Thursday,292,114,28,46,480,High
00:00,24,Friday,114,166,5,48,333,Normal
00:15,24,Friday,224,76,21,47,368,Low
00:30,24,Friday,98,150,23,8,279,Low
00:45,24,Friday,46,18,26,39,129,Normal
01:00,24,Friday,138,56,25,47,266,High
01:15,24,Friday,174,158,6,31,369,Normal
01:30,24,Friday,203,74,5,40,322,Normal
01:45,24,Friday,263,160,6,35,464,Low
02:00,24,Friday,74,192,29,42,337,Low
02:15,24,Friday,112,99,21,38,270,Low
02:30,24,Friday,268,173,25,3,469,High
02:45,24,Friday,284,96,15,43,438,Low
03:00,24,Friday,38,38,16,22,114,Low
03:15,24,Friday,165,95,13,30,303,Normal
03:30,24,Friday,228,143,17,8,396,Normal
03:45,24,Friday,238,163,12,31,444,Low
04:00,24,Friday,279,108,7,0,394,High
04:15,24,Friday,201,23,28,19,271,High
04:30,24,Friday,159,111,21,22,313,High
04:45,24,Friday,178,176,26,1,381,Low
05:00,24,Friday,39,117,23,30,209,Low
05:15,24,Friday,213,173,17,42,445,High
05:30,24,Friday,171,27,1,30,229,High
05:45,24,Friday,58,194,3,8,263,Low
06:00,24,Friday,293,15,21,22,351,Normal
06:15,24,Friday,110,111,6,8,235,High
06:30,24,Friday,212,76,1,29,318,High
06:45,24,Friday,297,25,18,24,364,Low
07:00,24,Friday,136,67,22,2,227,Normal
07:15,24,Friday,237,171,27,17,452,High
07:30,24,Friday,90,142,22,22,276,High
07:45,24,Friday,70,183,25,28,306,Low
08:00,24,Friday,86,79,2,39,206,High
08:15,24,Friday,142,36,26,2,206,Normal
08:30,24,Friday,186,164,17,49,416,High
08:45,24,Friday,151,188,10,42,391,Normal
09:00,24,Friday,139,45,17,16,217,Low
09:15,24,Friday,291,70,9,10,380,Normal
09:30,24,Friday,110,50,13,20,193,Low
09:45,24,Friday,272,21,27,14,334,Normal
10:00,24,Friday,176,39,22,10,247,Normal
10:15,24,Friday,176,151,28,18,373,High
10:30,24,Friday,175,64,22,31,292,Low
10:45,24,Friday,246,53,9,44,352,High
11:00,24,Friday,288,55,30,50,423,High
11:15,24,Friday,58,99,16,46,219,High
11:30,24,Friday,130,94,30,20,274,High
11:45,24,Friday,113,10,0,22,145,Normal
12:00,24,Friday,151,93,9,43,296,High
12:15,24,Friday,222,59,20,29,330,High
12:30,24,Friday,202,179,12,1,394,Normal
12:45,24,Friday,132,140,29,21,322,Low
13:00,24,Friday,198,143,1,44,386,Low
13:15,24,Friday,251,17,4,5,277,Normal
13:30,24,Friday,114,88,30,4,236,Normal
13:45,24,Friday,138,99,14,41,292,High
14:00,24,Friday,192,175,15,38,420,Low
14:15,24,Friday,167,35,23,19,244,High
14:30,24,Friday,191,116,13,47,367,High
14:45,24,Friday,94,99,2,35,230,High
15:00,24,Friday,214,170,14,12,410,High
15:15,24,Friday,268,98,5,31,402,Normal
15:30,24,Friday,285,148,4,30,467,Normal
15:45,24,Friday,143,158,11,20,332,High
16:00,24,Friday,161,54,25,46,286,High
16:15,24,Friday,56,92,12,49,209,Normal
16:30,24,Friday,183,112,25,18,338,Normal
16:45,24,Friday,74,139,26,36,275,Low
17:00,24,Friday,258,173,24,43,498,High
17:15,24,Friday,51,93,15,27,186,High
17:30,24,Friday,127,38,19,10,194,Low
17:45,24,Friday,80,121,25,15,241,Low
18:00,24,Friday,253,190,4,29,476,Low
18:15,24,Friday,90,183,24,20,317,Normal
18:30,24,Friday,225,26,27,14,292,High
18:45,24,Friday,283,170,5,19,477,High
19:00,24,Friday,24,183,29,46,282,Normal
19:15,24,Friday,114,169,21,30,334,Low
19:30,24,Friday,129,91,2,5,227,High
19:45,24,Friday,31,120,22,3,176,Low
20:00,24,Friday,218,166,26,17,427,Normal
20:15,24,Friday,51,163,18,24,256,Normal
20:30,24,Friday,153,95,18,10,276,Normal
20:45,24,Friday,287,66,0,10,363,Low
21:00,24,Friday,38,81,8,43,170,Normal
21:15,24,Friday,102,123,7,0,232,High
21:30,24,Friday,245,108,17,8,378,Low
21:45,24,Friday,274,133,12,4,423,Low
22:00,24,Friday,289,96,1,11,397,Normal
22:15,24,Friday,43,117,5,4,169,Low
22:30,24,Friday,218,185,18,39,460,Low
22:45,24,Friday,118,123,30,43,314,Normal
23:00,24,Friday,270,149,10,21,450,Normal
23:15,24,Friday,47,113,24,27,211,Low
23:30,24,Friday,200,198,19,36,453,Normal
23:45,24,Friday,300,82,3,36,421,Normal
00:00,25,Saturday,46,11,24,25,106,Low
00:15,25,Saturday,83,178,27,25,313,Normal
00:30,25,Saturday,197,89,25,4,315,Normal
00:45,25,Saturday,119,105,29,3,256,High
01:00,25,Saturday,187,38,28,50,303,Normal
01:15,25,Saturday,171,104,15,17,307,High
01:30,25,Saturday,224,187,2,36,449,Normal
01:45,25,Saturday,298,172,26,16,512,High
02:00,25,Saturday,165,135,0,12,312,High
02:15,25,Saturday,230,73,12,48,363,Normal
02:30,25,Saturday,247,116,5,21,389,High
02:45,25,Saturday,178,173,29,2,382,Low
03:00,25,Saturday,116,63,19,17,215,High
03:15,25,Saturday,38,171,3,34,246,Normal
03:30,25,Saturday,183,147,27,44,401,High
03:45,25,Saturday,73,137,0,39,249,High
04:00,25,Saturday,48,175,13,30,266,Low
04:15,25,Saturday,268,12,9,0,289,High
04:30,25,Saturday,164,100,26,31,321,High
04:45,25,Saturday,143,142,27,49,361,Low
05:00,25,Saturday,142,136,7,47,332,High
05:15,25,Saturday,139,194,5,44,382,High
05:30,25,Saturday,283,134,28,42,487,Normal
05:45,25,Saturday,137,21,9,24,191,High
06:00,25,Saturday,234,44,3,28,309,Normal
06:15,25,Saturday,262,151,3,49,465,High
06:30,25,Saturday,294,50,1,44,389,Normal
06:45,25,Saturday,79,72,21,46,218,Low
07:00,25,Saturday,60,67,17,42,186,High
07:15,25,Saturday,219,52,26,26,323,Normal
07:30,25,Saturday,286,148,25,42,501,Normal
07:45,25,Saturday,300,97,13,14,424,High
08:00,25,Saturday,235,196,11,11,453,Low
08:15,25,Saturday,245,38,0,0,283,High
08:30,25,Saturday,185,40,20,47,292,High
08:45,25,Saturday,97,45,14,12,168,Normal
09:00,25,Saturday,224,168,28,13,433,High
09:15,25,Saturday,74,177,17,16,284,Low
09:30,25,Saturday,22,192,20,38,272,Low
09:45,25,Saturday,275,29,23,18,345,High
10:00,25,Saturday,115,89,27,26,257,High
10:15,25,Saturday,290,114,2,40,446,Normal
10:30,25,Saturday,199,47,25,9,280,High
10:45,25,Saturday,232,91,18,21,362,High
11:00,25,Saturday,285,73,0,6,364,Low
11:15,25,Saturday,217,162,3,19,401,Normal
11:30,25,Saturday,207,10,26,8,251,High
11:45,25,Saturday,135,23,11,31,200,Low
12:00,25,Saturday,293,44,10,4,351,Low
12:15,25,Saturday,215,30,25,31,301,Low
12:30,25,Saturday,23,196,18,48,285,Low
12:45,25,Saturday,148,159,4,2,313,Normal
13:00,25,Saturday,44,169,5,33,251,Low
13:15,25,Saturday,152,81,12,21,266,Low
13:30,25,Saturday,100,131,24,32,287,High
13:45,25,Saturday,208,90,23,21,342,Low
14:00,25,Saturday,163,110,19,36,328,Normal
14:15,25,Saturday,287,173,21,27,508,High
14:30,25,Saturday,244,76,14,37,371,High
14:45,25,Saturday,176,119,8,24,327,Normal
15:00,25,Saturday,149,138,23,30,340,Low
15:15,25,Saturday,214,42,25,23,304,High
15:30,25,Saturday,294,182,30,31,537,Low
15:45,25,Saturday,194,119,3,27,343,High
16:00,25,Saturday,39,178,29,33,279,Low
16:15,25,Saturday,67,119,9,29,224,High
16:30,25,Saturday,247,70,0,0,317,Low
16:45,25,Saturday,132,200,21,7,360,Low
17:00,25,Saturday,60,159,7,3,229,Low
17:15,25,Saturday,278,33,25,25,361,High
17:30,25,Saturday,158,22,17,6,203,High
17:45,25,Saturday,102,170,29,7,308,Low
18:00,25,Saturday,214,83,1,6,304,Normal
18:15,25,Saturday,127,196,2,35,360,Low
18:30,25,Saturday,248,172,25,27,472,Normal
18:45,25,Saturday,120,146,11,37,314,Normal
19:00,25,Saturday,60,98,0,4,162,Normal
19:15,25,Saturday,131,178,1,24,334,Normal
19:30,25,Saturday,200,19,0,9,228,Normal
19:45,25,Saturday,43,16,20,33,112,Normal
20:00,25,Saturday,143,183,10,33,369,Low
20:15,25,Saturday,137,33,27,42,239,Normal
20:30,25,Saturday,163,106,0,24,293,Low
20:45,25,Saturday,103,122,13,33,271,High
21:00,25,Saturday,190,120,15,37,362,Low
21:15,25,Saturday,221,114,3,6,344,Normal
21:30,25,Saturday,220,154,30,38,442,Normal
21:45,25,Saturday,265,23,29,16,333,Low
22:00,25,Saturday,58,47,18,6,129,High
22:15,25,Saturday,56,54,4,29,143,Normal
22:30,25,Saturday,83,22,23,21,149,Low
22:45,25,Saturday,248,142,18,36,444,High
23:00,25,Saturday,86,45,9,6,146,High
23:15,25,Saturday,271,139,3,42,455,Normal
23:30,25,Saturday,39,29,10,20,98,Low
23:45,25,Saturday,197,140,30,33,400,Low
00:00,26,Sunday,293,177,29,16,515,High
00:15,26,Sunday,133,147,18,18,316,Normal
00:30,26,Sunday,198,21,3,36,258,High
00:45,26,Sunday,200,12,5,5,222,Normal
01:00,26,Sunday,25,177,1,34,237,High
01:15,26,Sunday,291,83,8,24,406,Normal
01:30,26,Sunday,55,34,22,10,121,High
01:45,26,Sunday,134,28,5,8,175,Normal
02:00,26,Sunday,163,69,22,43,297,Normal
02:15,26,Sunday,97,188,9,12,306,High
02:30,26,Sunday,35,177,3,33,248,High
02:45,26,Sunday,93,191,17,9,310,Normal
03:00,26,Sunday,70,62,1,19,152,High
03:15,26,Sunday,196,194,16,8,414,Low
03:30,26,Sunday,286,93,10,10,399,High
03:45,26,Sunday,149,171,27,26,373,Low
04:00,26,Sunday,172,193,13,4,382,High
04:15,26,Sunday,205,106,2,50,363,Normal
04:30,26,Sunday,254,136,4,22,416,Normal
04:45,26,Sunday,32,89,13,42,176,Normal
05:00,26,Sunday,70,17,27,18,132,Normal
05:15,26,Sunday,209,177,7,23,416,Normal
05:30,26,Sunday,47,175,3,41,266,High
05:45,26,Sunday,85,50,7,49,191,Normal
06:00,26,Sunday,31,165,30,15,241,High
06:15,26,Sunday,26,164,20,39,249,Low
06:30,26,Sunday,29,99,24,48,200,High
06:45,26,Sunday,64,23,22,35,144,High
07:00,26,Sunday,175,194,8,23,400,High
07:15,26,Sunday,41,179,23,0,243,Low
07:30,26,Sunday,155,50,6,36,247,Low
07:45,26,Sunday,252,78,24,5,359,High
08:00,26,Sunday,80,157,25,24,286,Low
08:15,26,Sunday,244,39,29,3,315,Low
08:30,26,Sunday,57,77,3,21,158,Normal
08:45,26,Sunday,250,36,7,41,334,Normal
09:00,26,Sunday,135,71,16,27,249,Normal
09:15,26,Sunday,242,183,15,18,458,Low
09:30,26,Sunday,218,77,7,18,320,Low
09:45,26,Sunday,236,115,10,34,395,Low
10:00,26,Sunday,201,155,12,39,407,High
10:15,26,Sunday,41,158,0,42,241,High
10:30,26,Sunday,84,45,3,20,152,Normal
10:45,26,Sunday,186,11,0,21,218,Low
11:00,26,Sunday,55,55,13,36,159,Normal
11:15,26,Sunday,136,79,20,24,259,High
11:30,26,Sunday,200,22,0,37,259,High
11:45,26,Sunday,252,69,24,47,392,Normal
12:00,26,Sunday,226,120,3,15,364,High
12:15,26,Sunday,145,98,12,37,292,High
12:30,26,Sunday,169,180,22,43,414,Low
12:45,26,Sunday,256,78,9,39,382,Normal
13:00,26,Sunday,217,139,28,34,418,Normal
13:15,26,Sunday,134,11,19,4,168,High
13:30,26,Sunday,295,199,24,9,527,High
13:45,26,Sunday,184,181,17,45,427,Low
14:00,26,Sunday,61,67,23,21,172,High
14:15,26,Sunday,289,146,4,20,459,High
14:30,26,Sunday,58,59,26,23,166,High
14:45,26,Sunday,208,139,25,13,385,Low
15:00,26,Sunday,37,144,22,29,232,High
15:15,26,Sunday,68,197,21,5,291,High
15:30,26,Sunday,222,14,29,0,265,Low
15:45,26,Sunday,207,104,4,46,361,Normal
16:00,26,Sunday,94,27,30,42,193,Low
16:15,26,Sunday,197,54,23,28,302,Low
16:30,26,Sunday,172,192,25,19,408,Normal
16:45,26,Sunday,200,76,20,38,334,High
17:00,26,Sunday,81,104,3,4,192,Low
17:15,26,Sunday,55,49,6,7,117,Low
17:30,26,Sunday,111,166,30,34,341,Low
17:45,26,Sunday,32,195,12,40,279,Normal
18:00,26,Sunday,48,150,9,50,257,High
18:15,26,Sunday,115,117,3,40,275,Normal
18:30,26,Sunday,267,119,9,37,432,High
18:45,26,Sunday,286,123,13,5,427,Normal
19:00,26,Sunday,206,64,6,22,298,High
19:15,26,Sunday,101,48,25,23,197,Low
19:30,26,Sunday,74,151,21,34,280,High
19:45,26,Sunday,114,69,14,37,234,Normal
20:00,26,Sunday,292,178,19,24,513,High
20:15,26,Sunday,115,101,23,11,250,Normal
20:30,26,Sunday,218,10,10,25,263,High
20:45,26,Sunday,261,27,23,14,325,Normal
21:00,26,Sunday,219,43,7,41,310,Normal
21:15,26,Sunday,79,185,30,3,297,High
21:30,26,Sunday,244,85,30,23,382,Low
21:45,26,Sunday,135,51,13,35,234,Normal
22:00,26,Sunday,197,82,19,47,345,Low
22:15,26,Sunday,109,166,13,11,299,Low
22:30,26,Sunday,75,40,4,45,164,Low
22:45,26,Sunday,41,119,24,37,221,High
23:00,26,Sunday,102,74,22,31,229,Low
23:15,26,Sunday,108,30,10,39,187,Normal
23:30,26,Sunday,298,190,30,17,535,High
23:45,26,Sunday,291,38,16,7,352,High
00:00,27,Monday,280,87,20,21,408,Low
00:15,27,Monday,197,62,25,49,333,Low
00:30,27,Monday,31,159,5,26,221,High
00:45,27,Monday,157,16,16,36,225,High
01:00,27,Monday,219,71,2,28,320,High
01:15,27,Monday,239,14,18,22,293,Low
01:30,27,Monday,198,66,10,3,277,High
01:45,27,Monday,52,103,1,37,193,Normal
02:00,27,Monday,77,195,8,49,329,Normal
02:15,27,Monday,264,99,9,37,409,Normal
02:30,27,Monday,224,29,28,41,322,Normal
02:45,27,Monday,195,135,29,11,370,Normal
03:00,27,Monday,291,115,24,28,458,High
03:15,27,Monday,211,139,20,42,412,High
03:30,27,Monday,67,169,20,21,277,High
03:45,27,Monday,146,132,19,22,319,Low
04:00,27,Monday,279,108,29,3,419,High
04:15,27,Monday,283,31,13,29,356,Low
04:30,27,Monday,208,167,26,39,440,Low
04:45,27,Monday,287,114,2,19,422,Low
05:00,27,Monday,138,16,27,41,222,Normal
05:15,27,Monday,155,120,19,3,297,Normal
05:30,27,Monday,290,103,17,47,457,Low
05:45,27,Monday,264,157,18,33,472,Normal
06:00,27,Monday,273,195,20,22,510,High
06:15,27,Monday,270,95,16,0,381,Normal
06:30,27,Monday,227,124,21,14,386,Normal
06:45,27,Monday,207,125,3,14,349,High
07:00,27,Monday,207,19,3,45,274,High
07:15,27,Monday,259,43,0,48,350,Low
07:30,27,Monday,283,74,28,39,424,Low
07:45,27,Monday,139,122,5,43,309,Low
08:00,27,Monday,253,172,18,0,443,Normal
08:15,27,Monday,248,160,16,45,469,Low
08:30,27,Monday,176,108,21,12,317,High
08:45,27,Monday,193,126,30,28,377,Low
09:00,27,Monday,235,113,16,7,371,Low
09:15,27,Monday,31,194,24,19,268,Low
09:30,27,Monday,22,121,25,19,187,Normal
09:45,27,Monday,198,44,10,20,272,Normal
10:00,27,Monday,208,65,20,29,322,Normal
10:15,27,Monday,100,136,30,18,284,Normal
10:30,27,Monday,203,10,8,36,257,Low
10:45,27,Monday,122,38,19,10,189,High
11:00,27,Monday,42,197,9,48,296,High
11:15,27,Monday,58,175,27,28,288,High
11:30,27,Monday,66,157,22,3,248,Normal
11:45,27,Monday,112,41,5,32,190,Normal
12:00,27,Monday,51,171,14,48,284,High
12:15,27,Monday,122,126,7,23,278,Low
12:30,27,Monday,245,104,25,18,392,High
12:45,27,Monday,273,130,4,23,430,Low
13:00,27,Monday,183,86,9,34,312,Normal
13:15,27,Monday,212,135,15,21,383,Normal
13:30,27,Monday,223,61,0,22,306,Low
13:45,27,Monday,63,159,24,7,253,Low
14:00,27,Monday,235,68,5,19,327,Low
14:15,27,Monday,50,78,2,21,151,Normal
14:30,27,Monday,252,185,29,6,472,Low
14:45,27,Monday,78,106,8,29,221,High
15:00,27,Monday,24,114,5,50,193,Normal
15:15,27,Monday,197,17,4,21,239,Normal
15:30,27,Monday,289,95,3,34,421,Normal
15:45,27,Monday,142,21,5,32,200,High
16:00,27,Monday,245,89,14,36,384,High
16:15,27,Monday,257,14,23,42,336,Normal
16:30,27,Monday,224,180,18,22,444,High
16:45,27,Monday,260,16,25,21,322,High
17:00,27,Monday,258,41,29,5,333,Normal
17:15,27,Monday,38,128,11,36,213,Low
17:30,27,Monday,119,77,19,18,233,High
17:45,27,Monday,131,158,10,48,347,High
18:00,27,Monday,101,23,19,41,184,High
18:15,27,Monday,275,13,27,43,358,Low
18:30,27,Monday,164,166,7,40,377,Normal
18:45,27,Monday,189,10,0,17,216,Normal
19:00,27,Monday,171,166,27,23,387,High
19:15,27,Monday,246,73,22,26,367,High
19:30,27,Monday,155,82,0,40,277,Normal
19:45,27,Monday,251,46,19,35,351,Low
20:00,27,Monday,116,93,17,32,258,Normal
20:15,27,Monday,96,112,19,23,250,Low
20:30,27,Monday,168,13,0,7,188,High
20:45,27,Monday,287,148,29,39,503,Normal
21:00,27,Monday,45,49,24,14,132,High
21:15,27,Monday,171,114,22,18,325,High
21:30,27,Monday,153,36,20,19,228,Low
21:45,27,Monday,148,101,30,27,306,Low
22:00,27,Monday,233,132,15,48,428,Low
22:15,27,Monday,97,183,14,39,333,Low
22:30,27,Monday,244,38,25,47,354,Low
22:45,27,Monday,152,102,22,28,304,Low
23:00,27,Monday,282,160,3,13,458,Normal
23:15,27,Monday,237,142,22,41,442,Normal
23:30,27,Monday,52,32,8,2,94,Low
23:45,27,Monday,251,195,18,0,464,Low
00:00,28,Tuesday,111,41,7,34,193,High
00:15,28,Tuesday,255,95,28,25,403,Low
00:30,28,Tuesday,252,162,14,8,436,Low
00:45,28,Tuesday,84,138,10,42,274,Low
01:00,28,Tuesday,160,68,23,37,288,Normal
01:15,28,Tuesday,297,163,13,10,483,High
01:30,28,Tuesday,82,45,13,6,146,High
01:45,28,Tuesday,39,150,7,40,236,High
02:00,28,Tuesday,26,123,29,37,215,High
02:15,28,Tuesday,151,11,8,13,183,High
02:30,28,Tuesday,165,167,6,10,348,Low
02:45,28,Tuesday,258,60,7,50,375,Normal
03:00,28,Tuesday,289,191,15,0,495,Normal
03:15,28,Tuesday,139,144,29,31,343,Normal
03:30,28,Tuesday,185,116,29,45,375,Low
03:45,28,Tuesday,295,104,11,14,424,High
04:00,28,Tuesday,217,55,28,30,330,Normal
04:15,28,Tuesday,201,47,13,41,302,Normal
04:30,28,Tuesday,251,12,11,49,323,High
04:45,28,Tuesday,258,80,3,29,370,Normal
05:00,28,Tuesday,228,147,10,39,424,High
05:15,28,Tuesday,34,43,24,36,137,Normal
05:30,28,Tuesday,278,96,7,49,430,High
05:45,28,Tuesday,283,114,25,24,446,High
06:00,28,Tuesday,26,34,18,3,81,Normal
06:15,28,Tuesday,290,173,5,5,473,Normal
06:30,28,Tuesday,33,31,15,8,87,High
06:45,28,Tuesday,260,195,30,1,486,High
07:00,28,Tuesday,223,90,4,32,349,High
07:15,28,Tuesday,95,170,23,24,312,Normal
07:30,28,Tuesday,126,25,17,31,199,Low
07:45,28,Tuesday,140,34,21,32,227,Normal
08:00,28,Tuesday,159,57,21,6,243,High
08:15,28,Tuesday,115,190,12,49,366,High
08:30,28,Tuesday,59,13,14,18,104,Normal
08:45,28,Tuesday,228,16,11,35,290,Low
09:00,28,Tuesday,159,92,19,5,275,Normal
09:15,28,Tuesday,163,153,6,35,357,High
09:30,28,Tuesday,186,45,18,32,281,Normal
09:45,28,Tuesday,230,36,6,28,300,High
10:00,28,Tuesday,95,150,27,45,317,Normal
10:15,28,Tuesday,139,82,20,25,266,High
10:30,28,Tuesday,40,150,29,20,239,High
10:45,28,Tuesday,25,165,16,45,251,Low
11:00,28,Tuesday,201,86,24,48,359,Normal
11:15,28,Tuesday,85,25,8,1,119,High
11:30,28,Tuesday,189,78,29,31,327,Low
11:45,28,Tuesday,91,32,12,16,151,Normal
12:00,28,Tuesday,119,60,30,25,234,Normal
12:15,28,Tuesday,145,100,9,10,264,High
12:30,28,Tuesday,74,170,8,33,285,Normal
12:45,28,Tuesday,38,60,22,44,164,Low
13:00,28,Tuesday,63,195,19,1,278,Low
13:15,28,Tuesday,51,151,11,0,213,Normal
13:30,28,Tuesday,183,95,22,35,335,Low
13:45,28,Tuesday,41,146,9,35,231,Normal
14:00,28,Tuesday,295,76,20,5,396,Normal
14:15,28,Tuesday,187,114,4,11,316,Normal
14:30,28,Tuesday,175,91,21,40,327,Low
14:45,28,Tuesday,270,169,21,28,488,Normal
15:00,28,Tuesday,246,124,24,22,416,High
15:15,28,Tuesday,100,22,14,14,150,Low
15:30,28,Tuesday,21,76,28,41,166,High
15:45,28,Tuesday,234,98,25,43,400,Low
16:00,28,Tuesday,21,20,29,34,104,Normal
16:15,28,Tuesday,198,134,7,46,385,Normal
16:30,28,Tuesday,52,21,15,15,103,Normal
16:45,28,Tuesday,280,72,9,8,369,Normal
17:00,28,Tuesday,33,193,4,3,233,High
17:15,28,Tuesday,221,136,28,47,432,High
17:30,28,Tuesday,299,95,17,36,447,High
17:45,28,Tuesday,78,77,24,4,183,High
18:00,28,Tuesday,57,108,13,41,219,Normal
18:15,28,Tuesday,52,125,9,36,222,High
18:30,28,Tuesday,22,21,28,22,93,Normal
18:45,28,Tuesday,249,45,16,5,315,Low
19:00,28,Tuesday,118,148,14,44,324,Normal
19:15,28,Tuesday,51,29,22,6,108,Normal
19:30,28,Tuesday,176,74,9,44,303,Normal
19:45,28,Tuesday,93,199,17,6,315,High
20:00,28,Tuesday,116,189,11,0,316,Low
20:15,28,Tuesday,26,77,23,38,164,High
20:30,28,Tuesday,98,174,16,18,306,Normal
20:45,28,Tuesday,185,176,23,4,388,High
21:00,28,Tuesday,244,95,9,49,397,High
21:15,28,Tuesday,92,19,24,17,152,Normal
21:30,28,Tuesday,128,169,22,29,348,High
21:45,28,Tuesday,133,116,13,49,311,High
22:00,28,Tuesday,136,57,4,48,245,Low
22:15,28,Tuesday,257,173,26,30,486,Low
22:30,28,Tuesday,288,183,5,29,505,High
22:45,28,Tuesday,112,126,11,29,278,Low
23:00,28,Tuesday,159,100,27,7,293,High
23:15,28,Tuesday,49,76,4,19,148,High
23:30,28,Tuesday,254,155,22,19,450,High
23:45,28,Tuesday,294,112,12,49,467,High
00:00,29,Wednesday,164,40,1,49,254,Low
00:15,29,Wednesday,202,26,3,42,273,High
00:30,29,Wednesday,298,48,4,24,374,Normal
00:45,29,Wednesday,58,11,24,2,95,Low
01:00,29,Wednesday,299,114,21,24,458,High
01:15,29,Wednesday,153,44,5,27,229,Low
01:30,29,Wednesday,237,151,16,3,407,Normal
01:45,29,Wednesday,281,148,2,7,438,High
02:00,29,Wednesday,113,128,0,14,255,Normal
02:15,29,Wednesday,161,167,3,16,347,High
02:30,29,Wednesday,154,162,5,34,355,Low
02:45,29,Wednesday,130,43,15,46,234,High
03:00,29,Wednesday,298,88,6,39,431,Low
03:15,29,Wednesday,286,81,12,7,386,High
03:30,29,Wednesday,116,36,26,26,204,Normal
03:45,29,Wednesday,174,63,17,47,301,High
04:00,29,Wednesday,185,160,11,36,392,Low
04:15,29,Wednesday,99,40,22,9,170,Normal
04:30,29,Wednesday,143,146,17,23,329,Normal
04:45,29,Wednesday,239,136,28,17,420,High
05:00,29,Wednesday,144,91,7,47,289,Low
05:15,29,Wednesday,135,59,18,14,226,High
05:30,29,Wednesday,108,60,16,5,189,Normal
05:45,29,Wednesday,38,105,27,33,203,High
06:00,29,Wednesday,225,181,16,29,451,Normal
06:15,29,Wednesday,237,96,7,36,376,Low
06:30,29,Wednesday,188,11,24,23,246,Low
06:45,29,Wednesday,152,168,29,50,399,Normal
07:00,29,Wednesday,26,67,11,36,140,Low
07:15,29,Wednesday,72,67,3,12,154,Normal
07:30,29,Wednesday,53,176,12,14,255,Low
07:45,29,Wednesday,63,88,30,22,203,High
08:00,29,Wednesday,144,140,13,9,306,Low
08:15,29,Wednesday,77,166,28,29,300,Normal
08:30,29,Wednesday,289,86,22,2,399,High
08:45,29,Wednesday,113,180,2,34,329,High
09:00,29,Wednesday,50,81,2,38,171,Low
09:15,29,Wednesday,60,111,26,24,221,Low
09:30,29,Wednesday,265,60,1,40,366,High
09:45,29,Wednesday,42,181,15,30,268,High
10:00,29,Wednesday,67,78,7,35,187,Normal
10:15,29,Wednesday,107,143,26,34,310,Low
10:30,29,Wednesday,265,25,12,28,330,Low
10:45,29,Wednesday,130,80,12,26,248,High
11:00,29,Wednesday,299,67,19,13,398,High
11:15,29,Wednesday,96,41,26,40,203,High
11:30,29,Wednesday,299,12,26,11,348,Low
11:45,29,Wednesday,142,150,12,7,311,Normal
12:00,29,Wednesday,27,101,27,38,193,Normal
12:15,29,Wednesday,27,13,21,17,78,Normal
12:30,29,Wednesday,105,59,20,39,223,High
12:45,29,Wednesday,236,153,8,12,409,High
13:00,29,Wednesday,113,180,13,4,310,High
13:15,29,Wednesday,233,88,5,40,366,High
13:30,29,Wednesday,177,32,11,38,258,Normal
13:45,29,Wednesday,180,30,8,21,239,High
14:00,29,Wednesday,222,137,9,25,393,Low
14:15,29,Wednesday,169,146,21,19,355,High
14:30,29,Wednesday,139,108,13,40,300,Low
14:45,29,Wednesday,130,36,3,7,176,Low
15:00,29,Wednesday,105,48,12,44,209,Normal
15:15,29,Wednesday,62,160,17,13,252,Low
15:30,29,Wednesday,253,10,27,18,308,High
15:45,29,Wednesday,46,27,5,21,99,High
16:00,29,Wednesday,204,40,12,8,264,Normal
16:15,29,Wednesday,146,12,10,50,218,Low
16:30,29,Wednesday,265,11,22,18,316,High
16:45,29,Wednesday,125,108,11,35,279,Low
17:00,29,Wednesday,81,12,8,7,108,High
17:15,29,Wednesday,255,68,11,6,340,Low
17:30,29,Wednesday,35,152,10,6,203,High
17:45,29,Wednesday,116,36,9,24,185,High
18:00,29,Wednesday,153,92,6,11,262,High
18:15,29,Wednesday,228,27,30,1,286,Normal
18:30,29,Wednesday,161,177,9,7,354,Low
18:45,29,Wednesday,189,107,24,30,350,Normal
19:00,29,Wednesday,190,15,12,1,218,Normal
19:15,29,Wednesday,260,89,27,49,425,High
19:30,29,Wednesday,145,132,4,33,314,High
19:45,29,Wednesday,144,96,21,1,262,High
20:00,29,Wednesday,40,122,19,8,189,High
20:15,29,Wednesday,33,186,10,40,269,Normal
20:30,29,Wednesday,175,126,19,24,344,Normal
20:45,29,Wednesday,174,61,18,22,275,Normal
21:00,29,Wednesday,246,186,9,13,454,Low
21:15,29,Wednesday,178,150,30,11,369,Low
21:30,29,Wednesday,265,91,0,14,370,High
21:45,29,Wednesday,235,43,30,15,323,Low
22:00,29,Wednesday,30,32,6,14,82,High
22:15,29,Wednesday,300,84,19,29,432,Normal
22:30,29,Wednesday,70,118,30,21,239,Low
22:45,29,Wednesday,189,120,1,33,343,Normal
23:00,29,Wednesday,84,60,14,48,206,High
23:15,29,Wednesday,290,119,11,46,466,Low
23:30,29,Wednesday,163,137,24,9,333,Normal
23:45,29,Wednesday,115,56,25,39,235,High
00:00,30,Thursday,198,18,20,19,255,Low
00:15,30,Thursday,167,117,24,8,316,Low
00:30,30,Thursday,191,169,8,33,401,Low
00:45,30,Thursday,131,163,30,13,337,Normal
01:00,30,Thursday,129,168,26,40,363,Low
01:15,30,Thursday,231,48,23,37,339,Low
01:30,30,Thursday,211,12,15,9,247,Low
01:45,30,Thursday,40,125,13,10,188,High
02:00,30,Thursday,234,112,22,21,389,Normal
02:15,30,Thursday,279,159,29,16,483,Low
02:30,30,Thursday,169,83,11,47,310,Normal
02:45,30,Thursday,69,35,19,42,165,High
03:00,30,Thursday,223,125,17,40,405,Low
03:15,30,Thursday,224,163,10,47,444,Normal
03:30,30,Thursday,142,178,3,7,330,High
03:45,30,Thursday,221,198,10,21,450,Low
04:00,30,Thursday,196,118,15,35,364,Normal
04:15,30,Thursday,49,56,30,0,135,Low
04:30,30,Thursday,143,42,10,28,223,High
04:45,30,Thursday,256,91,30,33,410,Normal
05:00,30,Thursday,94,154,23,45,316,Normal
05:15,30,Thursday,53,121,20,45,239,Normal
05:30,30,Thursday,172,128,29,18,347,Low
05:45,30,Thursday,234,74,12,29,349,Normal
06:00,30,Thursday,63,72,5,30,170,High
06:15,30,Thursday,263,51,13,23,350,High
06:30,30,Thursday,285,151,11,26,473,Low
06:45,30,Thursday,119,14,4,32,169,Normal
07:00,30,Thursday,204,70,26,14,314,High
07:15,30,Thursday,183,138,24,4,349,High
07:30,30,Thursday,155,46,21,13,235,Normal
07:45,30,Thursday,187,57,17,38,299,High
08:00,30,Thursday,271,195,24,49,539,Low
08:15,30,Thursday,62,190,1,10,263,Low
08:30,30,Thursday,139,143,29,22,333,Normal
08:45,30,Thursday,284,121,3,43,451,Normal
09:00,30,Thursday,138,55,8,34,235,Low
09:15,30,Thursday,215,53,13,37,318,High
09:30,30,Thursday,121,189,6,19,335,Low
09:45,30,Thursday,219,197,25,13,454,High
10:00,30,Thursday,91,162,16,2,271,Normal
10:15,30,Thursday,233,171,25,30,459,Low
10:30,30,Thursday,234,134,2,41,411,High
10:45,30,Thursday,87,11,10,8,116,High
11:00,30,Thursday,86,105,26,19,236,Low
11:15,30,Thursday,294,83,4,23,404,High
11:30,30,Thursday,44,127,3,19,193,High
11:45,30,Thursday,72,10,16,49,147,High
12:00,30,Thursday,97,57,15,37,206,Normal
12:15,30,Thursday,116,122,6,38,282,Low
12:30,30,Thursday,170,35,5,49,259,High
12:45,30,Thursday,63,154,12,29,258,Normal
13:00,30,Thursday,188,194,2,33,417,High
13:15,30,Thursday,256,105,11,12,384,High
13:30,30,Thursday,241,35,0,29,305,Normal
13:45,30,Thursday,257,139,6,2,404,Low
14:00,30,Thursday,235,92,9,15,351,High
14:15,30,Thursday,78,115,9,45,247,Normal
14:30,30,Thursday,259,63,1,2,325,Normal
14:45,30,Thursday,118,194,13,48,373,Low
15:00,30,Thursday,182,23,6,36,247,Normal
15:15,30,Thursday,75,49,16,6,146,Low
15:30,30,Thursday,216,140,11,47,414,Low
15:45,30,Thursday,104,146,25,42,317,High
16:00,30,Thursday,262,94,10,29,395,Normal
16:15,30,Thursday,134,111,10,50,305,High
16:30,30,Thursday,104,16,4,31,155,Low
16:45,30,Thursday,71,69,14,44,198,High
17:00,30,Thursday,300,124,30,9,463,Normal
17:15,30,Thursday,129,75,2,4,210,Low
17:30,30,Thursday,255,42,15,5,317,High
17:45,30,Thursday,161,100,20,42,323,Normal
18:00,30,Thursday,226,124,12,36,398,Low
18:15,30,Thursday,206,152,1,41,400,Normal
18:30,30,Thursday,202,12,10,40,264,High
18:45,30,Thursday,79,185,25,2,291,Normal
19:00,30,Thursday,83,32,23,10,148,Low
19:15,30,Thursday,109,138,14,3,264,Low
19:30,30,Thursday,221,198,8,1,428,Normal
19:45,30,Thursday,44,34,28,36,142,Low
20:00,30,Thursday,118,165,4,9,296,High
20:15,30,Thursday,106,147,9,48,310,Normal
20:30,30,Thursday,29,168,9,21,227,Normal
20:45,30,Thursday,40,21,8,21,90,High
21:00,30,Thursday,273,173,27,39,512,High
21:15,30,Thursday,230,39,16,21,306,Normal
21:30,30,Thursday,229,84,4,10,327,Low
21:45,30,Thursday,147,168,26,42,383,Low
22:00,30,Thursday,219,118,28,8,373,Low
22:15,30,Thursday,67,36,5,25,133,Normal
22:30,30,Thursday,156,53,5,36,250,Low
22:45,30,Thursday,290,160,20,20,490,High
23:00,30,Thursday,151,20,6,10,187,High
23:15,30,Thursday,216,100,12,18,346,Low
23:30,30,Thursday,70,68,1,4,143,High
23:45,30,Thursday,120,147,3,1,271,High
